{
  "_fv": 79,
  "_type": "biome",
  "definition": {
    "name": "Bloodysea",
    "groundBlock": {
      "value": "Blocks.WATER"
    },
    "undergroundBlock": {
      "value": "Blocks.WATER"
    },
    "underwaterBlock": {
      "value": "Blocks.WATER"
    },
    "airColor": {
      "value": -13434880,
      "falpha": 0.0
    },
    "fogColor": {
      "value": -13434880,
      "falpha": 0.0
    },
    "grassColor": {
      "value": -13434880,
      "falpha": 0.0
    },
    "foliageColor": {
      "value": -13434880,
      "falpha": 0.0
    },
    "waterColor": {
      "value": -13434880,
      "falpha": 0.0
    },
    "waterFogColor": {
      "value": -13434880,
      "falpha": 0.0
    },
    "ambientSound": {
      "value": "ambient.crimson_forest.loop"
    },
    "additionsSound": {
      "value": "ambient.nether_wastes.mood"
    },
    "music": {
      "value": "ambient.cave"
    },
    "moodSound": {
      "value": "ambient.soul_sand_valley.additions"
    },
    "moodSoundDelay": 6000,
    "spawnParticles": false,
    "particleToSpawn": {
      "value": "ASH"
    },
    "particlesProbability": 0.5,
    "rainingPossibility": 0.5,
    "temperature": 0.7999999999999999,
    "spawnBiome": false,
    "spawnInCaves": false,
    "spawnBiomeNether": false,
    "genTemperature": {
      "min": -0.2,
      "max": 0.4
    },
    "genHumidity": {
      "min": 0.3,
      "max": 1.0
    },
    "genContinentalness": {
      "min": -1.0,
      "max": -0.3
    },
    "genErosion": {
      "min": -0.8,
      "max": 0.1
    },
    "genWeirdness": {
      "min": -1.0,
      "max": 1.0
    },
    "treesPerChunk": 0,
    "vanillaTreeType": "Default",
    "treeType": 0,
    "minHeight": 7,
    "treeStem": {
      "value": ""
    },
    "treeBranch": {
      "value": ""
    },
    "treeVines": {
      "value": ""
    },
    "treeFruits": {
      "value": ""
    },
    "defaultFeatures": [],
    "spawnStronghold": false,
    "spawnMineshaft": false,
    "spawnMineshaftMesa": false,
    "spawnPillagerOutpost": false,
    "villageType": "none",
    "spawnWoodlandMansion": false,
    "spawnJungleTemple": false,
    "spawnDesertPyramid": false,
    "spawnSwampHut": false,
    "spawnIgloo": false,
    "spawnOceanMonument": false,
    "spawnShipwreck": false,
    "spawnShipwreckBeached": false,
    "spawnBuriedTreasure": false,
    "oceanRuinType": "NONE",
    "spawnNetherBridge": false,
    "spawnNetherFossil": false,
    "spawnBastionRemnant": false,
    "spawnEndCity": false,
    "spawnRuinedPortal": "OCEAN",
    "spawnEntries": [
      {
        "entity": {
          "value": "EntityDrowned"
        },
        "minGroup": 1,
        "maxGroup": 2,
        "weight": 1,
        "spawnType": "monster"
      },
      {
        "entity": {
          "value": "EntityAxolotl"
        },
        "minGroup": 1,
        "maxGroup": 3,
        "weight": 14,
        "spawnType": "monster"
      }
    ]
  }
}