{
  "_fv": 79,
  "_type": "fluid",
  "definition": {
    "name": "Blood",
    "bucketName": "Blood Bucket",
    "textureStill": "water_flow",
    "textureFlowing": "water_still",
    "textureRenderOverlay": "water_overlay",
    "hasFog": true,
    "fogColor": {
      "value": -13434880,
      "falpha": 0.0
    },
    "fogStartDistance": {
      "fixedValue": 0.0
    },
    "fogEndDistance": {
      "fixedValue": 48.0
    },
    "tintType": "No tint",
    "canMultiply": true,
    "flowRate": 7,
    "levelDecrease": 4,
    "slopeFindDistance": 4,
    "spawnParticles": true,
    "dripParticle": {
      "value": "ASH"
    },
    "flowStrength": 2.8000000000000003,
    "luminosity": 0,
    "density": 1000,
    "viscosity": 1000,
    "temperature": 300,
    "type": "WATER",
    "generateBucket": true,
    "textureBucket": "",
    "creativeTabs": [
      {
        "value": "TOOLS"
      }
    ],
    "emptySound": {
      "value": "item.bucket.empty"
    },
    "rarity": "RARE",
    "specialInformation": {
      "fixedValue": []
    },
    "resistance": 100.0,
    "luminance": 3,
    "lightOpacity": 1,
    "emissiveRendering": false,
    "tickRate": 0,
    "ignitedByLava": false,
    "flammability": 0,
    "fireSpreadSpeed": 0,
    "colorOnMap": "DEFAULT",
    "onEntityCollides": {
      "name": "BloodMobplayerCollidesBlock"
    }
  }
}