{
  "_fv": 79,
  "_type": "procedure",
  "definition": {
    "procedurexml": "<xml xmlns=\"https://developers.google.com/blockly/xml\"><block type=\"event_trigger\" deletable=\"false\" x=\"40\" y=\"40\"><field name=\"trigger\">no_ext_trigger</field><next><block type=\"entity_add_potion\"><field name=\"potion\">SPEED</field><value name=\"level\"><block type=\"math_number\"><field name=\"NUM\">2</field></block></value><value name=\"duration\"><block type=\"math_number\"><field name=\"NUM\">60</field></block></value><value name=\"entity\"><block type=\"entity_from_deps\"></block></value></block></next></block></xml>",
    "skipDependencyNullCheck": false
  }
}