{
  "_fv": 79,
  "_type": "recipe",
  "definition": {
    "recipeType": "Crafting",
    "recipeRetstackSize": 2,
    "group": "",
    "unlockingItems": [
      {
        "value": "CUSTOM:CoperkumDust"
      }
    ],
    "cookingBookCategory": "MISC",
    "xpReward": 0.0,
    "cookingTime": 200,
    "craftingBookCategory": "MISC",
    "recipeShapeless": false,
    "recipeSlots": [
      {
        "value": "Blocks.OBSIDIAN"
      },
      {
        "value": "Items.NETHERITE_INGOT"
      },
      {
        "value": "Blocks.OBSIDIAN"
      },
      {
        "value": "CUSTOM:CoperkumDust"
      },
      {
        "value": "CUSTOM:CoperkumDust"
      },
      {
        "value": "CUSTOM:CoperkumDust"
      },
      {
        "value": "Blocks.OBSIDIAN"
      },
      {
        "value": "Items.NETHERITE_INGOT"
      },
      {
        "value": "Blocks.OBSIDIAN"
      }
    ],
    "recipeReturnStack": {
      "value": "CUSTOM:Coperkumcrystal"
    },
    "name": "coperkumcrystalrecipt",
    "namespace": "mod"
  }
}