{
  "_fv": 79,
  "_type": "recipe",
  "definition": {
    "recipeType": "Smelting",
    "recipeRetstackSize": 1,
    "group": "",
    "unlockingItems": [
      {
        "value": "CUSTOM:CoperkumOre"
      }
    ],
    "cookingBookCategory": "MISC",
    "xpReward": 3.5,
    "cookingTime": 200,
    "craftingBookCategory": "MISC",
    "recipeShapeless": false,
    "smeltingInputStack": {
      "value": "CUSTOM:CoperkumOre"
    },
    "smeltingReturnStack": {
      "value": "CUSTOM:CoperkumDust"
    },
    "name": "coperkum_ore_smelting",
    "namespace": "mod"
  }
}