{
  "_fv": 79,
  "_type": "armor",
  "definition": {
    "enableHelmet": true,
    "textureHelmet": "coperkumrystal_head",
    "enableBody": true,
    "textureBody": "coperkumrystal_body",
    "enableLeggings": true,
    "textureLeggings": "coperkumrystal_leggings",
    "enableBoots": true,
    "textureBoots": "coperkumrystal_boots",
    "onHelmetTick": {
      "name": "CoperkumrystalArmorHelmetTickEvent"
    },
    "onBootsTick": {
      "name": "CoperkumrystalArmorBootsTickEvent"
    },
    "creativeTabs": [
      {
        "value": "COMBAT"
      }
    ],
    "armorTextureFile": "coperkumrystal",
    "helmetName": "Coperkumcrystal Helmet",
    "bodyName": "Coperkumcrystal Chestplate",
    "leggingsName": "Coperkumcrystal Leggings",
    "bootsName": "Coperkumcystal Boots",
    "helmetSpecialInformation": {
      "fixedValue": []
    },
    "bodySpecialInformation": {
      "fixedValue": []
    },
    "leggingsSpecialInformation": {
      "fixedValue": []
    },
    "bootsSpecialInformation": {
      "fixedValue": []
    },
    "helmetModelName": "Default",
    "helmetModelPart": "Helmet",
    "helmetModelTexture": "From armor",
    "bodyModelName": "Default",
    "bodyModelPart": "Body",
    "armsModelPartL": "Arms L",
    "armsModelPartR": "Arms R",
    "bodyModelTexture": "From armor",
    "leggingsModelName": "Default",
    "leggingsModelPartL": "Leggings L",
    "leggingsModelPartR": "Leggings R",
    "leggingsModelTexture": "From armor",
    "bootsModelName": "Default",
    "bootsModelPartL": "Boots L",
    "bootsModelPartR": "Boots R",
    "bootsModelTexture": "From armor",
    "helmetItemRenderType": 0,
    "helmetItemCustomModelName": "Normal",
    "bodyItemRenderType": 0,
    "bodyItemCustomModelName": "Normal",
    "leggingsItemRenderType": 0,
    "leggingsItemCustomModelName": "Normal",
    "bootsItemRenderType": 0,
    "bootsItemCustomModelName": "Normal",
    "helmetImmuneToFire": false,
    "bodyImmuneToFire": false,
    "leggingsImmuneToFire": false,
    "bootsImmuneToFire": false,
    "helmetGlowCondition": {
      "fixedValue": false
    },
    "bodyGlowCondition": {
      "fixedValue": false
    },
    "leggingsGlowCondition": {
      "fixedValue": false
    },
    "bootsGlowCondition": {
      "fixedValue": false
    },
    "helmetPiglinNeutral": {
      "fixedValue": false
    },
    "bodyPiglinNeutral": {
      "fixedValue": false
    },
    "leggingsPiglinNeutral": {
      "fixedValue": false
    },
    "bootsPiglinNeutral": {
      "fixedValue": false
    },
    "maxDamage": 60,
    "damageValueHelmet": 10,
    "damageValueBody": 26,
    "damageValueLeggings": 22,
    "damageValueBoots": 10,
    "enchantability": 36,
    "toughness": 0.0,
    "knockbackResistance": 0.0,
    "equipSound": {
      "value": "item.armor.equip_iron"
    },
    "repairItems": [
      {
        "value": "CUSTOM:Coperkumcrystal"
      }
    ]
  }
}