{
  "_fv": 79,
  "_type": "recipe",
  "definition": {
    "recipeType": "Crafting",
    "recipeRetstackSize": 1,
    "group": "",
    "unlockingItems": [],
    "cookingBookCategory": "MISC",
    "xpReward": 0.0,
    "cookingTime": 200,
    "craftingBookCategory": "MISC",
    "recipeShapeless": false,
    "recipeSlots": [
      {
        "value": "Blocks.DIAMOND_BLOCK"
      },
      {
        "value": "CUSTOM:CoperkumDust"
      },
      {
        "value": "Blocks.DIAMOND_BLOCK"
      },
      {
        "value": "Items.BLAZE_POWDER"
      },
      {
        "value": "CUSTOM:CoperkumBlock"
      },
      {
        "value": "Items.BLAZE_POWDER"
      },
      {
        "value": "Blocks.RAW_IRON_BLOCK"
      },
      {
        "value": "Items.BLAZE_ROD"
      },
      {
        "value": "Blocks.RAW_IRON_BLOCK"
      }
    ],
    "recipeReturnStack": {
      "value": "CUSTOM:Longerlongsword"
    },
    "name": "cosrecepturamieczaxd",
    "namespace": "mod"
  }
}