{
  "_fv": 79,
  "_type": "recipe",
  "definition": {
    "recipeType": "Crafting",
    "recipeRetstackSize": 1,
    "group": "",
    "unlockingItems": [],
    "cookingBookCategory": "MISC",
    "xpReward": 0.0,
    "cookingTime": 200,
    "craftingBookCategory": "MISC",
    "recipeShapeless": false,
    "recipeSlots": [
      {
        "value": "CUSTOM:Coperkumcrystal"
      },
      {
        "value": "CUSTOM:CoperkumBlock"
      },
      {
        "value": "CUSTOM:Koperkumupgrage"
      },
      {
        "value": "CUSTOM:Omega_koperkum"
      },
      {
        "value": "CUSTOM:Omega_koperkum"
      },
      {
        "value": "CUSTOM:Omega_koperkum"
      },
      {
        "value": "CUSTOM:Koperkumupgrage"
      },
      {
        "value": "CUSTOM:CoperkumBlock"
      },
      {
        "value": "CUSTOM:Coperkumcrystal"
      }
    ],
    "recipeReturnStack": {
      "value": "CUSTOM:Eternal.body"
    },
    "name": "eternalchestpiecerecipt",
    "namespace": "mod"
  }
}