{
  "_fv": 79,
  "_type": "livingentity",
  "definition": {
    "mobName": "Eternalkoperking",
    "mobLabel": "eternal the koper king",
    "mobModelName": "Biped",
    "mobModelTexture": "tefffxture.png",
    "transparentModelCondition": {
      "fixedValue": false
    },
    "isShakingCondition": {
      "fixedValue": false
    },
    "solidBoundingBox": {
      "fixedValue": false
    },
    "visualScale": {
      "fixedValue": 2.3
    },
    "boundingBoxScale": {
      "fixedValue": 2.3
    },
    "modelLayers": [],
    "animations": [],
    "modelWidth": 0.6,
    "modelHeight": 1.8,
    "modelShadowSize": 0.5,
    "mountedYOffset": 0.0,
    "hasSpawnEgg": true,
    "spawnEggBaseColor": {
      "value": -5505024,
      "falpha": 0.0
    },
    "spawnEggDotColor": {
      "value": -15853056,
      "falpha": 0.0
    },
    "creativeTabs": [
      {
        "value": "MISC"
      }
    ],
    "isBoss": true,
    "bossBarColor": "GREEN",
    "bossBarType": "NOTCHED_20",
    "equipmentMainHand": {
      "value": "CUSTOM:Longerlongsword"
    },
    "equipmentOffHand": {
      "value": "CUSTOM:KoperedwardenshieldBAD"
    },
    "equipmentHelmet": {
      "value": "CUSTOM:Eternal.helmet"
    },
    "equipmentBody": {
      "value": "CUSTOM:Eternal.body"
    },
    "equipmentLeggings": {
      "value": "CUSTOM:KopertestArmor.legs"
    },
    "equipmentBoots": {
      "value": "CUSTOM:KopertestArmor.boots"
    },
    "mobBehaviourType": "Mob",
    "mobCreatureType": "UNDEFINED",
    "attackStrength": 156,
    "attackKnockback": 14.0,
    "knockbackResistance": 14.0,
    "movementSpeed": 0.9,
    "stepHeight": 1.2000000000000002,
    "armorBaseValue": 70.0,
    "trackingRange": 150,
    "followRange": 100,
    "health": 1024,
    "xpAmount": 99201,
    "waterMob": false,
    "breatheUnderwater": {
      "fixedValue": false
    },
    "pushedByFluids": {
      "fixedValue": true
    },
    "flyingMob": true,
    "inventorySize": 9,
    "inventoryStackSize": 99,
    "disableCollisions": false,
    "ridable": false,
    "canControlForward": false,
    "canControlStrafe": false,
    "immuneToFire": false,
    "immuneToArrows": true,
    "immuneToFallDamage": true,
    "immuneToCactus": true,
    "immuneToDrowning": true,
    "immuneToLightning": true,
    "immuneToPotions": true,
    "immuneToPlayer": false,
    "immuneToExplosion": false,
    "immuneToTrident": true,
    "immuneToAnvil": true,
    "immuneToWither": true,
    "immuneToDragonBreath": true,
    "mobDrop": {
      "value": "CUSTOM:Omega_koperkum"
    },
    "livingSound": {
      "value": ""
    },
    "hurtSound": {
      "value": "entity.generic.hurt"
    },
    "deathSound": {
      "value": "entity.generic.death"
    },
    "stepSound": {
      "value": ""
    },
    "raidCelebrationSound": {
      "value": ""
    },
    "entityDataEntries": [],
    "onMobTickUpdate": {
      "name": "EternalkoperkingNaAktualizacjiTickuBytu"
    },
    "hasAI": true,
    "aiBase": "(none)",
    "aixml": "<xml xmlns=\"https://developers.google.com/blockly/xml\"><block type=\"aitasks_container\" deletable=\"false\" x=\"40\" y=\"40\"><next><block type=\"attack_on_collide\"><field name=\"speed\">1.2</field><field name=\"longmemory\">FALSE</field><field name=\"condition\">null,null</field><next><block type=\"attack_action\"><field name=\"callhelp\">FALSE</field><field name=\"condition\">null,null</field><next><block type=\"attack_fly\"><field name=\"radius\">16</field><field name=\"speed\">1</field><field name=\"condition\">null,null</field><next><block type=\"fly\"><field name=\"speed\">6</field><field name=\"condition\">null,null</field><next><block type=\"wander\"><field name=\"speed\">0.8</field><field name=\"condition\">null,null</field><next><block type=\"look_around\"><field name=\"condition\">null,null</field><next><block type=\"attack_entity\"><field name=\"insight\">FALSE</field><field name=\"nearby\">FALSE</field><field name=\"entity\">CUSTOM:Leviatanhaosu</field><field name=\"condition\">null,null</field><next><block type=\"attack_entity\"><field name=\"insight\">FALSE</field><field name=\"nearby\">FALSE</field><field name=\"entity\">CUSTOM:MiniMLeviatanyhaosu</field><field name=\"condition\">null,null</field><next><block type=\"attack_entity\"><field name=\"insight\">FALSE</field><field name=\"nearby\">FALSE</field><field name=\"entity\">EntityPlayer</field><field name=\"condition\">null,null</field></block></next></block></next></block></next></block></next></block></next></block></next></block></next></block></next></block></next></block></xml>",
    "breedable": false,
    "tameable": false,
    "breedTriggerItems": [],
    "ranged": false,
    "rangedAttackItem": {
      "value": ""
    },
    "rangedItemType": "Default item",
    "rangedAttackInterval": 20,
    "rangedAttackRadius": 10.0,
    "spawnThisMob": false,
    "doesDespawnWhenIdle": false,
    "spawningProbability": 20,
    "mobSpawningType": "monster",
    "minNumberOfMobsPerGroup": 4,
    "maxNumberOfMobsPerGroup": 4,
    "restrictionBiomes": [],
    "spawnInDungeons": false,
    "raidSpawnsCount": [
      4,
      3,
      3,
      4,
      4,
      4,
      2
    ],
    "sensitiveToVibration": false,
    "vibrationalEvents": [],
    "vibrationSensitivityRadius": {
      "fixedValue": 7.0
    }
  }
}