{
  "_fv": 79,
  "_type": "armor",
  "definition": {
    "enableHelmet": true,
    "textureHelmet": "eternelkorona",
    "enableBody": true,
    "textureBody": "eteralchestplete",
    "enableLeggings": false,
    "textureLeggings": "",
    "enableBoots": false,
    "textureBoots": "",
    "onHelmetTick": {
      "name": "KopertestArmorNaTickuButow"
    },
    "onBodyTick": {
      "name": "KopertestArmorWydarzenieTickoweNapiersnika"
    },
    "onLeggingsTick": {
      "name": "KopertestArmorNaTickuHelmu"
    },
    "onBootsTick": {
      "name": "KopertestArmorNaTickuSpodni"
    },
    "creativeTabs": [
      {
        "value": "COMBAT"
      }
    ],
    "armorTextureFile": "haotic_valkiren",
    "helmetName": "Eternal crown",
    "bodyName": "Eternal chestplate",
    "leggingsName": "Eternal Spodnie",
    "bootsName": "Eternal Buty",
    "helmetSpecialInformation": {
      "fixedValue": []
    },
    "bodySpecialInformation": {
      "fixedValue": []
    },
    "leggingsSpecialInformation": {
      "fixedValue": []
    },
    "bootsSpecialInformation": {
      "fixedValue": []
    },
    "helmetModelName": "Modelkoperkorona",
    "helmetModelPart": "Head",
    "helmetModelTexture": "texture342r.png",
    "bodyModelName": "Modelkoperkorona",
    "bodyModelPart": "Body",
    "armsModelPartL": "LeftArm",
    "armsModelPartR": "RightArm",
    "bodyModelTexture": "texture342r.png",
    "leggingsModelName": "Default",
    "leggingsModelPartL": "Leggings L",
    "leggingsModelPartR": "Leggings R",
    "leggingsModelTexture": "From armor",
    "bootsModelName": "Default",
    "bootsModelPartL": "Boots L",
    "bootsModelPartR": "Boots R",
    "bootsModelTexture": "From armor",
    "helmetItemRenderType": 0,
    "helmetItemCustomModelName": "Normal",
    "bodyItemRenderType": 0,
    "bodyItemCustomModelName": "Normal",
    "leggingsItemRenderType": 0,
    "leggingsItemCustomModelName": "Normal",
    "bootsItemRenderType": 0,
    "bootsItemCustomModelName": "Normal",
    "helmetImmuneToFire": false,
    "bodyImmuneToFire": false,
    "leggingsImmuneToFire": false,
    "bootsImmuneToFire": false,
    "helmetGlowCondition": {
      "fixedValue": false
    },
    "bodyGlowCondition": {
      "fixedValue": false
    },
    "leggingsGlowCondition": {
      "fixedValue": false
    },
    "bootsGlowCondition": {
      "fixedValue": false
    },
    "helmetPiglinNeutral": {
      "fixedValue": false
    },
    "bodyPiglinNeutral": {
      "fixedValue": false
    },
    "leggingsPiglinNeutral": {
      "fixedValue": false
    },
    "bootsPiglinNeutral": {
      "fixedValue": false
    },
    "maxDamage": 400,
    "damageValueHelmet": 50,
    "damageValueBody": 70,
    "damageValueLeggings": 60,
    "damageValueBoots": 54,
    "enchantability": 40,
    "toughness": 7.0,
    "knockbackResistance": 5.0,
    "equipSound": {
      "value": "item.armor.equip_gold"
    },
    "repairItems": []
  }
}