{
  "_fv": 79,
  "_type": "biome",
  "definition": {
    "name": "Gorywiecznejrozpaczy",
    "groundBlock": {
      "value": "Blocks.BLACKSTONE"
    },
    "undergroundBlock": {
      "value": "Blocks.BLACKSTONE"
    },
    "underwaterBlock": {
      "value": "Blocks.BLACKSTONE"
    },
    "airColor": {
      "value": -13434880,
      "falpha": 0.0
    },
    "fogColor": {
      "value": -13434880,
      "falpha": 0.0
    },
    "grassColor": {
      "value": -13434880,
      "falpha": 0.0
    },
    "foliageColor": {
      "value": -13434880,
      "falpha": 0.0
    },
    "waterColor": {
      "value": -13434880,
      "falpha": 0.0
    },
    "waterFogColor": {
      "value": -13434880,
      "falpha": 0.0
    },
    "ambientSound": {
      "value": ""
    },
    "additionsSound": {
      "value": ""
    },
    "music": {
      "value": ""
    },
    "moodSound": {
      "value": ""
    },
    "moodSoundDelay": 6000,
    "spawnParticles": false,
    "particleToSpawn": {
      "value": "ASH"
    },
    "particlesProbability": 0.5,
    "rainingPossibility": 0.5,
    "temperature": 0.5,
    "spawnBiome": false,
    "spawnInCaves": false,
    "spawnBiomeNether": false,
    "genTemperature": {
      "min": -0.5,
      "max": 0.5
    },
    "genHumidity": {
      "min": -1.0,
      "max": 0.2
    },
    "genContinentalness": {
      "min": 0.5,
      "max": 1.0
    },
    "genErosion": {
      "min": -2.0,
      "max": 2.0
    },
    "genWeirdness": {
      "min": -1.0,
      "max": -0.46
    },
    "treesPerChunk": 0,
    "vanillaTreeType": "Default",
    "treeType": 0,
    "minHeight": 7,
    "treeStem": {
      "value": ""
    },
    "treeBranch": {
      "value": ""
    },
    "treeVines": {
      "value": ""
    },
    "treeFruits": {
      "value": ""
    },
    "defaultFeatures": [
      "ExtraEmeraldOre",
      "ExtraGoldOre",
      "MonsterRooms",
      "Caves"
    ],
    "spawnStronghold": false,
    "spawnMineshaft": false,
    "spawnMineshaftMesa": false,
    "spawnPillagerOutpost": false,
    "villageType": "none",
    "spawnWoodlandMansion": false,
    "spawnJungleTemple": false,
    "spawnDesertPyramid": false,
    "spawnSwampHut": false,
    "spawnIgloo": false,
    "spawnOceanMonument": false,
    "spawnShipwreck": false,
    "spawnShipwreckBeached": false,
    "spawnBuriedTreasure": false,
    "oceanRuinType": "NONE",
    "spawnNetherBridge": false,
    "spawnNetherFossil": false,
    "spawnBastionRemnant": false,
    "spawnEndCity": false,
    "spawnRuinedPortal": "NONE",
    "spawnEntries": [
      {
        "entity": {
          "value": "CUSTOM:Mrocznecmy"
        },
        "minGroup": 1,
        "maxGroup": 1,
        "weight": 8,
        "spawnType": "monster"
      }
    ]
  }
}