{
  "_fv": 79,
  "_type": "recipe",
  "definition": {
    "recipeType": "Crafting",
    "recipeRetstackSize": 1,
    "group": "",
    "unlockingItems": [
      {
        "value": "CUSTOM:CoperkumBlock"
      }
    ],
    "cookingBookCategory": "MISC",
    "xpReward": 0.0,
    "cookingTime": 200,
    "craftingBookCategory": "MISC",
    "recipeShapeless": true,
    "recipeSlots": [
      {
        "value": "Items.LAVA_BUCKET"
      },
      {
        "value": "CUSTOM:CoperkumBlock"
      },
      {
        "value": "Blocks.LAPIS_BLOCK"
      },
      {
        "value": "Blocks.RESPAWN_ANCHOR"
      },
      {
        "value": "Blocks.MAGMA"
      },
      {
        "value": "Blocks.RESPAWN_ANCHOR"
      },
      {
        "value": "Blocks.LAPIS_BLOCK"
      },
      {
        "value": "CUSTOM:CoperkumBlock"
      },
      {
        "value": "Items.LAVA_BUCKET"
      }
    ],
    "recipeReturnStack": {
      "value": "CUSTOM:Wymiarhaosu"
    },
    "name": "haosportalodpalaczxd",
    "namespace": "mod"
  }
}