{
  "_fv": 79,
  "_type": "procedure",
  "definition": {
    "procedurexml": "<xml xmlns=\"https://developers.google.com/blockly/xml\"><block type=\"event_trigger\" deletable=\"false\" x=\"40\" y=\"40\"><field name=\"trigger\">no_ext_trigger</field><next><block type=\"controls_if\"><value name=\"IF0\"><block type=\"compare_mcblocks\"><value name=\"a\"><block type=\"world_data_fluidat\"><value name=\"x\"><block type=\"coord_x\"></block></value><value name=\"y\"><block type=\"coord_y\"></block></value><value name=\"z\"><block type=\"coord_z\"></block></value></block></value><value name=\"b\"><block type=\"mcitem_allblocks\"><field name=\"value\">CUSTOM:Blood</field></block></value></block></value><statement name=\"DO0\"><block type=\"return_logic\"><value name=\"return\"><block type=\"logic_boolean\"><field name=\"BOOL\">TRUE</field></block></value></block></statement><next><block type=\"return_logic\"><value name=\"return\"><block type=\"logic_boolean\"><field name=\"BOOL\">TRUE</field></block></value></block></next></block></next></block></xml>",
    "skipDependencyNullCheck": false
  }
}