{
  "_fv": 79,
  "_type": "procedure",
  "definition": {
    "procedurexml": "<xml xmlns=\"https://developers.google.com/blockly/xml\"><block type=\"event_trigger\" deletable=\"false\" x=\"470\" y=\"173\"><field name=\"trigger\">block_place</field><next><block type=\"controls_if\"><value name=\"IF0\"><block type=\"logic_binary_ops\" inline=\"false\"><field name=\"OP\">AND</field><value name=\"A\"><block type=\"compare_mcblocks\"><value name=\"a\"><block type=\"world_data_blockat\"><value name=\"x\"><block type=\"coord_x\"></block></value><value name=\"y\"><block type=\"coord_y\"></block></value><value name=\"z\"><block type=\"coord_z\"></block></value></block></value><value name=\"b\"><block type=\"mcitem_allblocks\"><field name=\"value\">Blocks.SOUL_SAND</field></block></value></block></value><value name=\"B\"><block type=\"logic_binary_ops\" inline=\"false\"><field name=\"OP\">AND</field><value name=\"A\"><block type=\"compare_mcblocks\"><value name=\"a\"><block type=\"world_data_blockat\"><value name=\"x\"><block type=\"coord_x\"></block></value><value name=\"y\"><block type=\"math_dual_ops\"><field name=\"OP\">MINUS</field><value name=\"A\"><block type=\"coord_y\"></block></value><value name=\"B\"><block type=\"math_number\"><field name=\"NUM\">1</field></block></value></block></value><value name=\"z\"><block type=\"coord_z\"></block></value></block></value><value name=\"b\"><block type=\"mcitem_allblocks\"><field name=\"value\">Blocks.NETHERRACK</field></block></value></block></value><value name=\"B\"><block type=\"logic_binary_ops\" inline=\"false\"><field name=\"OP\">AND</field><value name=\"A\"><block type=\"compare_mcblocks\"><value name=\"a\"><block type=\"world_data_blockat\"><value name=\"x\"><block type=\"coord_x\"></block></value><value name=\"y\"><block type=\"math_dual_ops\"><field name=\"OP\">MINUS</field><value name=\"A\"><block type=\"coord_y\"></block></value><value name=\"B\"><block type=\"math_number\"><field name=\"NUM\">2</field></block></value></block></value><value name=\"z\"><block type=\"coord_z\"></block></value></block></value><value name=\"b\"><block type=\"mcitem_allblocks\"><field name=\"value\">CUSTOM:CoperkumBlock</field></block></value></block></value></block></value></block></value></block></value><statement name=\"DO0\"><block type=\"block_remove\"><value name=\"x\"><block type=\"coord_x\"></block></value><value name=\"y\"><block type=\"coord_y\"></block></value><value name=\"z\"><block type=\"coord_z\"></block></value><next><block type=\"block_remove\"><value name=\"x\"><block type=\"coord_x\"></block></value><value name=\"y\"><block type=\"math_dual_ops\"><field name=\"OP\">MINUS</field><value name=\"A\"><block type=\"coord_y\"></block></value><value name=\"B\"><block type=\"math_number\"><field name=\"NUM\">1</field></block></value></block></value><value name=\"z\"><block type=\"coord_z\"></block></value><next><block type=\"block_remove\"><value name=\"x\"><block type=\"coord_x\"></block></value><value name=\"y\"><block type=\"math_dual_ops\"><field name=\"OP\">MINUS</field><value name=\"A\"><block type=\"coord_y\"></block></value><value name=\"B\"><block type=\"math_number\"><field name=\"NUM\">2</field></block></value></block></value><value name=\"z\"><block type=\"coord_z\"></block></value><next><block type=\"strike_lightning\"><field name=\"effectOnly\">FALSE</field><value name=\"x\"><block type=\"coord_x\"></block></value><value name=\"y\"><block type=\"coord_y\"></block></value><value name=\"z\"><block type=\"coord_z\"></block></value><next><block type=\"spawn_entity\"><field name=\"entity\">CUSTOM:Koperdino</field><value name=\"x\"><block type=\"coord_x\"></block></value><value name=\"y\"><block type=\"coord_y\"></block></value><value name=\"z\"><block type=\"coord_z\"></block></value><next><block type=\"strike_lightning\"><field name=\"effectOnly\">FALSE</field><value name=\"x\"><block type=\"coord_x\"></block></value><value name=\"y\"><block type=\"coord_y\"></block></value><value name=\"z\"><block type=\"coord_z\"></block></value><next><block type=\"strike_lightning\"><field name=\"effectOnly\">FALSE</field><value name=\"x\"><block type=\"coord_x\"></block></value><value name=\"y\"><block type=\"coord_y\"></block></value><value name=\"z\"><block type=\"coord_z\"></block></value><next><block type=\"strike_lightning\"><field name=\"effectOnly\">FALSE</field><value name=\"x\"><block type=\"coord_x\"></block></value><value name=\"y\"><block type=\"coord_y\"></block></value><value name=\"z\"><block type=\"coord_z\"></block></value><next><block type=\"strike_lightning\"><field name=\"effectOnly\">FALSE</field><value name=\"x\"><block type=\"coord_x\"></block></value><value name=\"y\"><block type=\"coord_y\"></block></value><value name=\"z\"><block type=\"coord_z\"></block></value><next><block type=\"spawn_entity\"><field name=\"entity\">EntityTNTPrimed</field><value name=\"x\"><block type=\"coord_x\"></block></value><value name=\"y\"><block type=\"coord_y\"></block></value><value name=\"z\"><block type=\"coord_z\"></block></value><next><block type=\"spawn_entity\"><field name=\"entity\">EntityTNTPrimed</field><value name=\"x\"><block type=\"coord_x\"></block></value><value name=\"y\"><block type=\"coord_y\"></block></value><value name=\"z\"><block type=\"coord_z\"></block></value><next><block type=\"spawn_entity\"><field name=\"entity\">EntityTNTPrimed</field><value name=\"x\"><block type=\"coord_x\"></block></value><value name=\"y\"><block type=\"coord_y\"></block></value><value name=\"z\"><block type=\"coord_z\"></block></value></block></next></block></next></block></next></block></next></block></next></block></next></block></next></block></next></block></next></block></next></block></next></block></statement></block></next></block></xml>",
    "skipDependencyNullCheck": false
  }
}