{
  "_fv": 79,
  "_type": "armor",
  "definition": {
    "enableHelmet": false,
    "textureHelmet": "koperkumupgragez_head",
    "enableBody": true,
    "textureBody": "newfixesd",
    "enableLeggings": true,
    "textureLeggings": "fixeddd",
    "enableBoots": false,
    "textureBoots": "koperkumupgragez_boots",
    "onBodyTick": {
      "name": "Koperkumarmorv2ChestplateTickEvent2"
    },
    "onLeggingsTick": {
      "name": "Koperkumarmorv2ChestplateTickEvent2"
    },
    "creativeTabs": [
      {
        "value": "COMBAT"
      }
    ],
    "armorTextureFile": "coperkumrystal",
    "helmetName": "Koperkumarmorv 2 Helmet",
    "bodyName": "Koperkumspringlocksuitfixed Chestplate",
    "leggingsName": "Koperkumspringlocksuitfixed Leggings",
    "bootsName": "Koperkumarmorv 2 Boots",
    "helmetSpecialInformation": {
      "fixedValue": []
    },
    "bodySpecialInformation": {
      "fixedValue": [
        "chestplate of fixed springlock suit"
      ]
    },
    "leggingsSpecialInformation": {
      "fixedValue": [
        "leggings of fixed springlock suit"
      ]
    },
    "bootsSpecialInformation": {
      "fixedValue": []
    },
    "helmetModelName": "Modelszkinid1i1",
    "helmetModelPart": "main",
    "helmetModelTexture": "From armor",
    "bodyModelName": "Modelszkinid1i1",
    "bodyModelPart": "Body",
    "armsModelPartL": "LeftArm",
    "armsModelPartR": "RightArm",
    "bodyModelTexture": "texturefrdytk.png",
    "leggingsModelName": "Modelszkinid1i1",
    "leggingsModelPartL": "LeftLeg",
    "leggingsModelPartR": "RightLeg",
    "leggingsModelTexture": "texturefrdytk.png",
    "bootsModelName": "Modelszkinid1i",
    "bootsModelPartL": "Leftfoot",
    "bootsModelPartR": "Rightfoot",
    "bootsModelTexture": "texturee.png",
    "helmetItemRenderType": 0,
    "helmetItemCustomModelName": "Normal",
    "bodyItemRenderType": 0,
    "bodyItemCustomModelName": "Normal",
    "leggingsItemRenderType": 0,
    "leggingsItemCustomModelName": "Normal",
    "bootsItemRenderType": 0,
    "bootsItemCustomModelName": "Normal",
    "helmetImmuneToFire": false,
    "bodyImmuneToFire": false,
    "leggingsImmuneToFire": false,
    "bootsImmuneToFire": false,
    "helmetGlowCondition": {
      "fixedValue": false
    },
    "bodyGlowCondition": {
      "fixedValue": false
    },
    "leggingsGlowCondition": {
      "fixedValue": false
    },
    "bootsGlowCondition": {
      "fixedValue": false
    },
    "helmetPiglinNeutral": {
      "fixedValue": false
    },
    "bodyPiglinNeutral": {
      "fixedValue": false
    },
    "leggingsPiglinNeutral": {
      "fixedValue": false
    },
    "bootsPiglinNeutral": {
      "fixedValue": false
    },
    "maxDamage": 17,
    "damageValueHelmet": 2,
    "damageValueBody": 50,
    "damageValueLeggings": 45,
    "damageValueBoots": 2,
    "enchantability": 17,
    "toughness": 0.0,
    "knockbackResistance": 0.0,
    "equipSound": {
      "value": "item.armor.equip_iron"
    },
    "repairItems": [
      {
        "value": "CUSTOM:CoperkumDust"
      }
    ]
  }
}