{
  "_fv": 79,
  "_type": "recipe",
  "definition": {
    "recipeType": "Smithing",
    "recipeRetstackSize": 1,
    "group": "",
    "unlockingItems": [
      {
        "value": "CUSTOM:Koperkumarmorv2.body"
      },
      {
        "value": "CUSTOM:Koperkumupgrage"
      }
    ],
    "cookingBookCategory": "MISC",
    "xpReward": 0.0,
    "cookingTime": 200,
    "craftingBookCategory": "MISC",
    "recipeShapeless": false,
    "smithingInputStack": {
      "value": "CUSTOM:Koperkumarmorv2.body"
    },
    "smithingInputAdditionStack": {
      "value": "CUSTOM:Coperkumcrystal"
    },
    "smithingInputTemplateStack": {
      "value": "CUSTOM:Koperkumupgrage"
    },
    "smithingReturnStack": {
      "value": "CUSTOM:Koperkumarmor.body"
    },
    "name": "koperkumarmorfixed",
    "namespace": "mod"
  }
}