{
  "_fv": 79,
  "_type": "armor",
  "definition": {
    "enableHelmet": true,
    "textureHelmet": "warden_helmet",
    "enableBody": true,
    "textureBody": "warden_chestplate",
    "enableLeggings": true,
    "textureLeggings": "warden_leggings",
    "enableBoots": true,
    "textureBoots": "warden_boots",
    "onHelmetTick": {
      "name": "KopertestArmorNaTickuHelmu"
    },
    "onBodyTick": {
      "name": "KopertestArmorWydarzenieTickoweNapiersnika"
    },
    "onLeggingsTick": {
      "name": "KopertestArmorNaTickuSpodni"
    },
    "onBootsTick": {
      "name": "KopertestArmorNaTickuButow"
    },
    "creativeTabs": [
      {
        "value": "COMBAT"
      }
    ],
    "armorTextureFile": "kopertest",
    "helmetName": "Koperedwarden Helmet",
    "bodyName": "Koperedwarden Chestplate",
    "leggingsName": "Koperedwarden Leggings",
    "bootsName": "Koperedwarden Boots",
    "helmetSpecialInformation": {
      "fixedValue": []
    },
    "bodySpecialInformation": {
      "fixedValue": []
    },
    "leggingsSpecialInformation": {
      "fixedValue": []
    },
    "bootsSpecialInformation": {
      "fixedValue": []
    },
    "helmetModelName": "Modelkoperkmojmaps2",
    "helmetModelPart": "head",
    "helmetModelTexture": "lskldsldk.png",
    "bodyModelName": "Modelkoperkmojmaps2",
    "bodyModelPart": "chestplate",
    "armsModelPartL": "rightarm",
    "armsModelPartR": "leftarm",
    "bodyModelTexture": "lskldsldk.png",
    "leggingsModelName": "Modelkoperkmojmaps2",
    "leggingsModelPartL": "leftleg",
    "leggingsModelPartR": "rightleg",
    "leggingsModelTexture": "lskldsldk.png",
    "bootsModelName": "Modelkoperkmojmaps2",
    "bootsModelPartL": "leftboot",
    "bootsModelPartR": "rightboot",
    "bootsModelTexture": "lskldsldk.png",
    "helmetItemRenderType": 0,
    "helmetItemCustomModelName": "Normal",
    "bodyItemRenderType": 0,
    "bodyItemCustomModelName": "Normal",
    "leggingsItemRenderType": 0,
    "leggingsItemCustomModelName": "Normal",
    "bootsItemRenderType": 0,
    "bootsItemCustomModelName": "Normal",
    "helmetImmuneToFire": true,
    "bodyImmuneToFire": true,
    "leggingsImmuneToFire": true,
    "bootsImmuneToFire": true,
    "helmetGlowCondition": {
      "fixedValue": false
    },
    "bodyGlowCondition": {
      "fixedValue": false
    },
    "leggingsGlowCondition": {
      "fixedValue": false
    },
    "bootsGlowCondition": {
      "fixedValue": false
    },
    "helmetPiglinNeutral": {
      "fixedValue": true
    },
    "bodyPiglinNeutral": {
      "fixedValue": true
    },
    "leggingsPiglinNeutral": {
      "fixedValue": true
    },
    "bootsPiglinNeutral": {
      "fixedValue": true
    },
    "maxDamage": 86,
    "damageValueHelmet": 36,
    "damageValueBody": 45,
    "damageValueLeggings": 41,
    "damageValueBoots": 35,
    "enchantability": 9,
    "toughness": 4.6,
    "knockbackResistance": 0.30000000000000004,
    "equipSound": {
      "value": "item.armor.equip_netherite"
    },
    "repairItems": [
      {
        "value": "CUSTOM:Koperkumupgrage"
      }
    ]
  }
}