{
  "_fv": 79,
  "_type": "tool",
  "definition": {
    "toolType": "Shield",
    "renderType": 1,
    "blockingRenderType": 0,
    "texture": "textureteraczy",
    "customModelName": "koperechotarcza:default",
    "blockingModelName": "Normal blocking",
    "guiTexture": "",
    "name": "Koperedwardenshield BAD",
    "specialInformation": {
      "fixedValue": []
    },
    "creativeTabs": [
      {
        "value": "TOOLS"
      }
    ],
    "efficiency": 4.0,
    "attackSpeed": 1.0,
    "enchantability": 9,
    "damageVsEntity": 4.0,
    "usageCount": 10000,
    "glowCondition": {
      "fixedValue": false
    },
    "repairItems": [
      {
        "value": "CUSTOM:Koperkumupgrage"
      }
    ],
    "immuneToFire": true,
    "blockDropsTier": "WOOD",
    "blocksAffected": [],
    "stayInGridWhenCrafting": false,
    "damageOnCrafting": true
  }
}