{
  "_fv": 79,
  "_type": "procedure",
  "definition": {
    "procedurexml": "<xml xmlns=\"https://developers.google.com/blockly/xml\"><block type=\"event_trigger\" deletable=\"false\" x=\"0\" y=\"60\"><field name=\"trigger\">no_ext_trigger</field><next><block type=\"return_logic\"><value name=\"return\"><block type=\"entity_is_attack_swinging\"><value name=\"entity\"><block type=\"entity_from_deps\"></block></value></block></value></block></next></block><block type=\"return_logic\" x=\"-157\" y=\"245\"></block><block type=\"return_logic\" x=\"598\" y=\"300\"><value name=\"return\"><block type=\"logic_boolean\"><field name=\"BOOL\">FALSE</field></block></value></block><block type=\"logic_negate\" x=\"-284\" y=\"393\"><value name=\"BOOL\"><block type=\"entity_isinwater\"><value name=\"entity\"><block type=\"entity_from_deps\"></block></value></block></value></block><block type=\"logic_boolean\" x=\"429\" y=\"408\"><field name=\"BOOL\">TRUE</field></block><block type=\"logic_binary_ops\" inline=\"false\" x=\"-28\" y=\"541\"><field name=\"OP\">AND</field></block><block type=\"controls_if\" x=\"725\" y=\"616\"><mutation else=\"1\"></mutation></block></xml>",
    "skipDependencyNullCheck": false
  }
}