{
  "_fv": 79,
  "_type": "recipe",
  "definition": {
    "recipeType": "Smithing",
    "recipeRetstackSize": 1,
    "group": "",
    "unlockingItems": [],
    "cookingBookCategory": "MISC",
    "xpReward": 0.0,
    "cookingTime": 200,
    "craftingBookCategory": "MISC",
    "recipeShapeless": false,
    "smithingInputStack": {
      "value": "Items.IRON_AXE"
    },
    "smithingInputAdditionStack": {
      "value": "Items.ECHO_SHARD"
    },
    "smithingInputTemplateStack": {
      "value": "CUSTOM:Koperkumupgrage"
    },
    "smithingReturnStack": {
      "value": "CUSTOM:Kopered_wardenAxe"
    },
    "name": "kopercositemrecipt",
    "namespace": "mod"
  }
}