{
  "_fv": 79,
  "_type": "biome",
  "definition": {
    "name": "Las Skrzywionych Szeptow",
    "groundBlock": {
      "value": "Blocks.SOUL_SAND"
    },
    "undergroundBlock": {
      "value": "Blocks.BLACKSTONE"
    },
    "underwaterBlock": {
      "value": "Blocks.BLACKSTONE"
    },
    "airColor": {
      "value": -16764109,
      "falpha": 0.0
    },
    "fogColor": {
      "value": -10092544,
      "falpha": 0.0
    },
    "grassColor": {
      "value": -10092493,
      "falpha": 0.0
    },
    "foliageColor": {
      "value": -65536,
      "falpha": 0.0
    },
    "waterColor": {
      "value": -10092544,
      "falpha": 0.0
    },
    "waterFogColor": {
      "value": -10092544,
      "falpha": 0.0
    },
    "ambientSound": {
      "value": "CUSTOM:jaost"
    },
    "additionsSound": {
      "value": "ambient.crimson_forest.additions"
    },
    "music": {
      "value": "ambient.cave"
    },
    "moodSound": {
      "value": "ambient.soul_sand_valley.loop"
    },
    "moodSoundDelay": 6000,
    "spawnParticles": true,
    "particleToSpawn": {
      "value": "CAMPFIRE_COSY_SMOKE"
    },
    "particlesProbability": 0.19999999999999998,
    "rainingPossibility": 1.0,
    "temperature": 0.7000000000000001,
    "spawnBiome": false,
    "spawnInCaves": false,
    "spawnBiomeNether": false,
    "genTemperature": {
      "min": 0.0,
      "max": 1.0
    },
    "genHumidity": {
      "min": -0.2,
      "max": 1.0
    },
    "genContinentalness": {
      "min": 0.3,
      "max": 1.0
    },
    "genErosion": {
      "min": 0.2,
      "max": 1.2
    },
    "genWeirdness": {
      "min": -1.0,
      "max": 1.0
    },
    "treesPerChunk": 3,
    "vanillaTreeType": "Default",
    "treeType": 0,
    "minHeight": 8,
    "treeStem": {
      "value": "Blocks.CRIMSON_HYPHAE"
    },
    "treeBranch": {
      "value": "Blocks.CRIMSON_STEM"
    },
    "treeVines": {
      "value": "Blocks.WEEPING_VINES_PLANT"
    },
    "treeFruits": {
      "value": ""
    },
    "defaultFeatures": [
      "Caves",
      "Ores",
      "FrozenTopLayer"
    ],
    "spawnStronghold": false,
    "spawnMineshaft": false,
    "spawnMineshaftMesa": false,
    "spawnPillagerOutpost": false,
    "villageType": "none",
    "spawnWoodlandMansion": false,
    "spawnJungleTemple": false,
    "spawnDesertPyramid": false,
    "spawnSwampHut": false,
    "spawnIgloo": false,
    "spawnOceanMonument": false,
    "spawnShipwreck": false,
    "spawnShipwreckBeached": false,
    "spawnBuriedTreasure": false,
    "oceanRuinType": "NONE",
    "spawnNetherBridge": false,
    "spawnNetherFossil": false,
    "spawnBastionRemnant": false,
    "spawnEndCity": false,
    "spawnRuinedPortal": "NONE",
    "spawnEntries": []
  }
}