{
  "_fv": 79,
  "_type": "item",
  "definition": {
    "renderType": 0,
    "texture": "rotten_flesh",
    "customModelName": "Normal",
    "guiTexture": "",
    "customProperties": {},
    "states": [],
    "name": "Leviatansmeat",
    "rarity": "EPIC",
    "creativeTabs": [
      {
        "value": "FOOD"
      }
    ],
    "stackSize": 64,
    "enchantability": 0,
    "useDuration": 32,
    "toolType": 1.0,
    "damageCount": 0,
    "recipeRemainder": {
      "value": ""
    },
    "destroyAnyBlock": false,
    "immuneToFire": true,
    "stayInGridWhenCrafting": false,
    "damageOnCrafting": false,
    "enableMeleeDamage": false,
    "damageVsEntity": 0.0,
    "specialInformation": {
      "fixedValue": []
    },
    "glowCondition": {
      "fixedValue": true
    },
    "inventorySize": 9,
    "inventoryStackSize": 99,
    "onFinishUsingItem": {
      "name": "LeviatansmeatGraczKonczyUzywacPrzedmiotu"
    },
    "enableRanged": false,
    "shootConstantly": false,
    "rangedItemChargesPower": false,
    "projectile": {
      "value": "Arrow"
    },
    "projectileDisableAmmoCheck": false,
    "isFood": true,
    "nutritionalValue": 10,
    "saturation": 1.0,
    "eatResultItem": {
      "value": "Items.BONE"
    },
    "isMeat": true,
    "isAlwaysEdible": false,
    "animation": "eat",
    "isMusicDisc": false,
    "musicDiscMusic": {
      "value": ""
    },
    "musicDiscDescription": "",
    "musicDiscLengthInTicks": 100,
    "musicDiscAnalogOutput": 0,
    "providedBannerPatterns": []
  }
}