{
  "_fv": 79,
  "_type": "armor",
  "definition": {
    "enableHelmet": true,
    "textureHelmet": "leviatanscale_head",
    "enableBody": true,
    "textureBody": "leviatanscale_body",
    "enableLeggings": true,
    "textureLeggings": "leviatanscale_leggings",
    "enableBoots": true,
    "textureBoots": "leviatanscale_boots",
    "creativeTabs": [
      {
        "value": "COMBAT"
      }
    ],
    "armorTextureFile": "leviatanscale",
    "helmetName": "Leviatanscale Helmet",
    "bodyName": "Leviatanscale Chestplate",
    "leggingsName": "Leviatanscale Leggings",
    "bootsName": "Leviatanscale Boots",
    "helmetSpecialInformation": {
      "fixedValue": []
    },
    "bodySpecialInformation": {
      "fixedValue": []
    },
    "leggingsSpecialInformation": {
      "fixedValue": []
    },
    "bootsSpecialInformation": {
      "fixedValue": []
    },
    "helmetModelName": "Default",
    "helmetModelPart": "Helmet",
    "helmetModelTexture": "From armor",
    "bodyModelName": "Default",
    "bodyModelPart": "Body",
    "armsModelPartL": "Arms L",
    "armsModelPartR": "Arms R",
    "bodyModelTexture": "From armor",
    "leggingsModelName": "Default",
    "leggingsModelPartL": "Leggings L",
    "leggingsModelPartR": "Leggings R",
    "leggingsModelTexture": "From armor",
    "bootsModelName": "Default",
    "bootsModelPartL": "Boots L",
    "bootsModelPartR": "Boots R",
    "bootsModelTexture": "From armor",
    "helmetItemRenderType": 0,
    "helmetItemCustomModelName": "Normal",
    "bodyItemRenderType": 0,
    "bodyItemCustomModelName": "Normal",
    "leggingsItemRenderType": 0,
    "leggingsItemCustomModelName": "Normal",
    "bootsItemRenderType": 0,
    "bootsItemCustomModelName": "Normal",
    "helmetImmuneToFire": false,
    "bodyImmuneToFire": false,
    "leggingsImmuneToFire": false,
    "bootsImmuneToFire": false,
    "helmetGlowCondition": {
      "fixedValue": false
    },
    "bodyGlowCondition": {
      "fixedValue": false
    },
    "leggingsGlowCondition": {
      "fixedValue": false
    },
    "bootsGlowCondition": {
      "fixedValue": false
    },
    "helmetPiglinNeutral": {
      "fixedValue": false
    },
    "bodyPiglinNeutral": {
      "fixedValue": false
    },
    "leggingsPiglinNeutral": {
      "fixedValue": false
    },
    "bootsPiglinNeutral": {
      "fixedValue": false
    },
    "maxDamage": 150,
    "damageValueHelmet": 40,
    "damageValueBody": 70,
    "damageValueLeggings": 57,
    "damageValueBoots": 40,
    "enchantability": 90,
    "toughness": 0.0,
    "knockbackResistance": 0.0,
    "equipSound": {
      "value": "item.armor.equip_iron"
    },
    "repairItems": [
      {
        "value": "CUSTOM:Leviatansscale"
      }
    ]
  }
}