{
  "_fv": 79,
  "_type": "recipe",
  "definition": {
    "recipeType": "Crafting",
    "recipeRetstackSize": 1,
    "group": "",
    "unlockingItems": [
      {
        "value": "CUSTOM:CoperkumDust"
      }
    ],
    "cookingBookCategory": "MISC",
    "xpReward": 0.0,
    "cookingTime": 200,
    "craftingBookCategory": "MISC",
    "recipeShapeless": true,
    "recipeSlots": [
      {
        "value": "Items.PORKCHOP"
      },
      {
        "value": "Blocks.SOUL_SAND"
      },
      {
        "value": "CUSTOM:CoperkumBlock"
      },
      {
        "value": "Blocks.SOUL_SAND"
      },
      {
        "value": "Blocks.MAGMA"
      },
      {
        "value": "Blocks.SOUL_SAND"
      },
      {
        "value": "CUSTOM:CoperkumBlock"
      },
      {
        "value": "Blocks.SOUL_SAND"
      },
      {
        "value": "Items.PORKCHOP"
      }
    ],
    "recipeReturnStack": {
      "value": "CUSTOM:Leviatanhaosu.spawn_egg"
    },
    "name": "leviatansegg",
    "namespace": "mod"
  }
}