{
  "_fv": 79,
  "_type": "livingentity",
  "definition": {
    "mobName": "Leviatan haosu",
    "mobLabel": "upo leviatan",
    "mobModelName": "Modelleviatan_haosu",
    "mobModelTexture": "rexture.png",
    "transparentModelCondition": {
      "fixedValue": false
    },
    "isShakingCondition": {
      "fixedValue": false
    },
    "solidBoundingBox": {
      "fixedValue": false
    },
    "visualScale": {
      "fixedValue": 13.0
    },
    "boundingBoxScale": {
      "fixedValue": 13.0
    },
    "modelLayers": [],
    "animations": [
      {
        "animation": {
          "value": "CUSTOM:leviatan_haosuAnimation.walk"
        },
        "speed": 1.0,
        "condition": {
          "name": "LeviatanhaosuWarunekOdtwarzania2"
        },
        "walking": true,
        "amplitude": 1.0
      },
      {
        "animation": {
          "value": "CUSTOM:leviatan_haosuAnimation.attacklapka"
        },
        "speed": 1.0,
        "condition": {
          "name": "LeviatanhaosuWarunekOdtwarzania"
        },
        "walking": false,
        "amplitude": 1.0
      },
      {
        "animation": {
          "value": "CUSTOM:leviatan_haosuAnimation.swim"
        },
        "speed": 1.0,
        "condition": {
          "name": "LeviatanhaosuWarunekOdtwarzania4"
        },
        "walking": false,
        "amplitude": 1.0
      },
      {
        "animation": {
          "value": "CUSTOM:leviatan_haosuAnimation.ryk"
        },
        "speed": 1.0,
        "condition": {
          "name": "LeviatanhaosuWarunekOdtwarzania8"
        },
        "walking": false,
        "amplitude": 1.0
      }
    ],
    "modelWidth": 1.0,
    "modelHeight": 2.0,
    "modelShadowSize": 4.0,
    "mountedYOffset": 0.0,
    "hasSpawnEgg": true,
    "spawnEggBaseColor": {
      "value": -13434829,
      "falpha": 0.0
    },
    "spawnEggDotColor": {
      "value": -6750208,
      "falpha": 0.0
    },
    "creativeTabs": [
      {
        "value": "MISC"
      }
    ],
    "isBoss": true,
    "bossBarColor": "RED",
    "bossBarType": "NOTCHED_20",
    "equipmentMainHand": {
      "value": ""
    },
    "equipmentOffHand": {
      "value": ""
    },
    "equipmentHelmet": {
      "value": ""
    },
    "equipmentBody": {
      "value": ""
    },
    "equipmentLeggings": {
      "value": ""
    },
    "equipmentBoots": {
      "value": ""
    },
    "mobBehaviourType": "Mob",
    "mobCreatureType": "UNDEFINED",
    "attackStrength": 60,
    "attackKnockback": 4.0,
    "knockbackResistance": 4.0,
    "movementSpeed": 0.6,
    "stepHeight": 0.9,
    "armorBaseValue": 40.0,
    "trackingRange": 140,
    "followRange": 100,
    "health": 1024,
    "xpAmount": 1024,
    "waterMob": false,
    "breatheUnderwater": {
      "fixedValue": true
    },
    "pushedByFluids": {
      "fixedValue": true
    },
    "flyingMob": false,
    "inventorySize": 9,
    "inventoryStackSize": 99,
    "disableCollisions": false,
    "ridable": false,
    "canControlForward": false,
    "canControlStrafe": false,
    "immuneToFire": false,
    "immuneToArrows": false,
    "immuneToFallDamage": true,
    "immuneToCactus": true,
    "immuneToDrowning": true,
    "immuneToLightning": true,
    "immuneToPotions": false,
    "immuneToPlayer": false,
    "immuneToExplosion": false,
    "immuneToTrident": false,
    "immuneToAnvil": false,
    "immuneToWither": true,
    "immuneToDragonBreath": false,
    "mobDrop": {
      "value": ""
    },
    "livingSound": {
      "value": ""
    },
    "hurtSound": {
      "value": "entity.generic.hurt"
    },
    "deathSound": {
      "value": "entity.generic.death"
    },
    "stepSound": {
      "value": ""
    },
    "raidCelebrationSound": {
      "value": ""
    },
    "entityDataEntries": [],
    "onMobTickUpdate": {
      "name": "LeviatanhaosuNaAktualizacjiTickuBytu"
    },
    "hasAI": true,
    "aiBase": "(none)",
    "aixml": "<xml xmlns=\"https://developers.google.com/blockly/xml\"><block type=\"aitasks_container\" deletable=\"false\" x=\"187\" y=\"0\"><next><block type=\"follow_boat\"><field name=\"condition\">null,null</field><next><block type=\"try_and_find_water\"><field name=\"condition\">null,null</field><next><block type=\"swim\"><field name=\"speed\">20</field><field name=\"condition\">null,null</field><next><block type=\"wander\"><field name=\"speed\">0.8</field><field name=\"condition\">null,null</field><next><block type=\"look_around\"><field name=\"condition\">null,null</field><next><block type=\"attack_on_collide\"><field name=\"speed\">1.6</field><field name=\"longmemory\">TRUE</field><field name=\"condition\">null,null</field><next><block type=\"leap_at_target\"><field name=\"speed\">3</field><field name=\"condition\">null,null</field><next><block type=\"attack_entity\"><field name=\"insight\">FALSE</field><field name=\"nearby\">FALSE</field><field name=\"entity\">CUSTOM:Eternalkoperking</field><field name=\"condition\">null,null</field><next><block type=\"attack_entity\"><field name=\"insight\">FALSE</field><field name=\"nearby\">FALSE</field><field name=\"entity\">CUSTOM:Koperdino</field><field name=\"condition\">null,null</field><next><block type=\"attack_entity\"><field name=\"insight\">FALSE</field><field name=\"nearby\">FALSE</field><field name=\"entity\">CUSTOM:Springikoper</field><field name=\"condition\">null,null</field><next><block type=\"attack_entity\"><field name=\"insight\">FALSE</field><field name=\"nearby\">FALSE</field><field name=\"entity\">EntityPlayer</field><field name=\"condition\">null,null</field><next><block type=\"eat_grass\"><field name=\"condition\">null,null</field></block></next></block></next></block></next></block></next></block></next></block></next></block></next></block></next></block></next></block></next></block></next></block></next></block></xml>",
    "breedable": false,
    "tameable": false,
    "breedTriggerItems": [],
    "ranged": false,
    "rangedAttackItem": {
      "value": ""
    },
    "rangedItemType": "Default item",
    "rangedAttackInterval": 20,
    "rangedAttackRadius": 10.0,
    "spawnThisMob": false,
    "doesDespawnWhenIdle": false,
    "spawningProbability": 2,
    "mobSpawningType": "monster",
    "minNumberOfMobsPerGroup": 1,
    "maxNumberOfMobsPerGroup": 1,
    "restrictionBiomes": [
      {
        "value": "CUSTOM:Haoticbablands"
      }
    ],
    "spawnInDungeons": false,
    "raidSpawnsCount": [
      4,
      3,
      3,
      4,
      4,
      4,
      2
    ],
    "sensitiveToVibration": false,
    "vibrationalEvents": [],
    "vibrationSensitivityRadius": {
      "fixedValue": 7.0
    }
  }
}