{
  "_fv": 79,
  "_type": "procedure",
  "definition": {
    "procedurexml": "<xml xmlns=\"https://developers.google.com/blockly/xml\"><variables><variable type=\"Number\" id=\"speed\">speed</variable><variable type=\"Number\" id=\"yaw\">yaw</variable></variables><block type=\"event_trigger\" deletable=\"false\" x=\"40\" y=\"40\"><field name=\"trigger\">no_ext_trigger</field><next><block type=\"item_cooldown_for\"><comment pinned=\"true\" h=\"80\" w=\"160\">Cooldown between uses</comment><value name=\"item\"><block type=\"itemstack_to_mcitem\"></block></value><value name=\"ticks\"><block type=\"math_number\"><field name=\"NUM\">100</field></block></value><value name=\"entity\"><block type=\"entity_from_deps\"></block></value><next><block type=\"item_damage\"><comment pinned=\"true\" h=\"80\" w=\"160\">Damage Dealt to the Item, when used.</comment><value name=\"amount\"><block type=\"math_number\"><field name=\"NUM\">1</field></block></value><value name=\"item\"><block type=\"itemstack_to_mcitem\"></block></value><next><block type=\"variables_set_number\"><mutation xmlns=\"http://www.w3.org/1999/xhtml\" is_player_var=\"false\" has_entity=\"false\"></mutation><field name=\"VAR\">local:speed</field><comment pinned=\"true\" h=\"80\" w=\"160\">How Far a Fireball Goes, make it high for it to not stop.</comment><value name=\"VAL\"><block type=\"math_number\"><field name=\"NUM\">0.1</field></block></value><next><block type=\"variables_set_number\"><mutation xmlns=\"http://www.w3.org/1999/xhtml\" is_player_var=\"false\" has_entity=\"false\"></mutation><field name=\"VAR\">local:yaw</field><value name=\"VAL\"><block type=\"entity_direction\"><value name=\"entity\"><block type=\"entity_from_deps\"></block></value></block></value><next><block type=\"spawn_entity_with_rotation_velocity\" inline=\"false\"><field name=\"entity\">EntityFireball</field><value name=\"x\"><block type=\"coord_x\"></block></value><value name=\"y\"><block type=\"coord_y\"></block></value><value name=\"z\"><block type=\"coord_z\"></block></value><value name=\"yaw\"><block type=\"math_number\"><field name=\"NUM\">0</field></block></value><value name=\"pitch\"><block type=\"math_number\"><field name=\"NUM\">0</field></block></value><value name=\"vx\"><block type=\"math_dual_ops\"><field name=\"OP\">MULTIPLY</field><value name=\"A\"><block type=\"variables_get_number\"><mutation xmlns=\"http://www.w3.org/1999/xhtml\" is_player_var=\"false\" has_entity=\"false\"></mutation><field name=\"VAR\">local:speed</field></block></value><value name=\"B\"><block type=\"math_singular_ops\"><field name=\"OP\">COS</field><value name=\"NUM\"><block type=\"math_dual_ops\"><field name=\"OP\">MULTIPLY</field><value name=\"A\"><block type=\"math_dual_ops\"><field name=\"OP\">ADD</field><value name=\"A\"><block type=\"variables_get_number\"><mutation xmlns=\"http://www.w3.org/1999/xhtml\" is_player_var=\"false\" has_entity=\"false\"></mutation><field name=\"VAR\">local:yaw</field></block></value><value name=\"B\"><block type=\"math_number\"><field name=\"NUM\">90</field></block></value></block></value><value name=\"B\"><block type=\"math_dual_ops\"><field name=\"OP\">DIVIDE</field><value name=\"A\"><block type=\"math_java_constants\"><field name=\"CONSTANT\">PI</field></block></value><value name=\"B\"><block type=\"math_number\"><field name=\"NUM\">180</field></block></value></block></value></block></value></block></value></block></value><value name=\"vy\"><block type=\"math_dual_ops\"><field name=\"OP\">ADD</field><value name=\"A\"><block type=\"entity_vel_y\"><value name=\"entity\"><block type=\"entity_from_deps\"></block></value></block></value><value name=\"B\"><block type=\"math_number\"><field name=\"NUM\">0.2</field></block></value></block></value><value name=\"vz\"><block type=\"math_dual_ops\"><field name=\"OP\">MULTIPLY</field><value name=\"A\"><block type=\"variables_get_number\"><mutation xmlns=\"http://www.w3.org/1999/xhtml\" is_player_var=\"false\" has_entity=\"false\"></mutation><field name=\"VAR\">local:speed</field></block></value><value name=\"B\"><block type=\"math_singular_ops\"><field name=\"OP\">SIN</field><value name=\"NUM\"><block type=\"math_dual_ops\"><field name=\"OP\">MULTIPLY</field><value name=\"A\"><block type=\"math_dual_ops\"><field name=\"OP\">ADD</field><value name=\"A\"><block type=\"variables_get_number\"><mutation xmlns=\"http://www.w3.org/1999/xhtml\" is_player_var=\"false\" has_entity=\"false\"></mutation><field name=\"VAR\">local:yaw</field></block></value><value name=\"B\"><block type=\"math_number\"><field name=\"NUM\">90</field></block></value></block></value><value name=\"B\"><block type=\"math_dual_ops\"><field name=\"OP\">DIVIDE</field><value name=\"A\"><block type=\"math_java_constants\"><field name=\"CONSTANT\">PI</field></block></value><value name=\"B\"><block type=\"math_number\"><field name=\"NUM\">180</field></block></value></block></value></block></value></block></value></block></value></block></next></block></next></block></next></block></next></block></next></block></xml>",
    "skipDependencyNullCheck": false
  }
}