{
  "_fv": 79,
  "_type": "tool",
  "definition": {
    "toolType": "Sword",
    "renderType": 1,
    "blockingRenderType": 0,
    "texture": "tlonfreeeexture",
    "customModelName": "longerlongsword:default",
    "blockingModelName": "Normal blocking",
    "guiTexture": "",
    "name": "Longerlongsword",
    "specialInformation": {
      "fixedValue": []
    },
    "creativeTabs": [
      {
        "value": "COMBAT"
      }
    ],
    "efficiency": 4.0,
    "attackSpeed": 1.3,
    "enchantability": 8,
    "damageVsEntity": 50.0,
    "usageCount": 10000,
    "glowCondition": {
      "fixedValue": false
    },
    "repairItems": [
      {
        "value": "Blocks.BONE_BLOCK"
      }
    ],
    "immuneToFire": false,
    "blockDropsTier": "WOOD",
    "blocksAffected": [],
    "stayInGridWhenCrafting": false,
    "damageOnCrafting": false,
    "onEntityHitWith": {
      "name": "LongerlongswordGdyZywyBytJestUderzonyNarzedziem"
    },
    "onEntitySwing": {
      "name": "LongerlongswordGdyBytMachniePrzedmiotem"
    }
  }
}