{
  "_fv": 79,
  "_type": "achievement",
  "definition": {
    "achievementName": "new eternal koper king",
    "achievementDescription": "you killed a final boss of the mod brovo",
    "achievementIcon": {
      "value": "CUSTOM:Eternal.helmet"
    },
    "background": "Default",
    "disableDisplay": false,
    "showPopup": true,
    "announceToChat": true,
    "hideIfNotCompleted": true,
    "rewardLoot": [],
    "rewardRecipes": [
      "Cosrecepturamieczaxd"
    ],
    "rewardXP": 2500,
    "achievementType": "challenge",
    "parent": {
      "value": "CUSTOM:Neweternalking"
    },
    "triggerxml": "<xml xmlns=\"https://developers.google.com/blockly/xml\"><block type=\"advancement_trigger\" deletable=\"false\" x=\"40\" y=\"80\"><next><block type=\"custom_trigger\"></block></next></block></xml>"
  }
}