{
  "_fv": 79,
  "_type": "tool",
  "definition": {
    "toolType": "Sword",
    "renderType": 0,
    "blockingRenderType": 0,
    "texture": "omega_koperkum_sword",
    "customModelName": "Normal",
    "blockingModelName": "Normal blocking",
    "guiTexture": "",
    "name": "Omega_koperkum Sword",
    "specialInformation": {
      "fixedValue": []
    },
    "creativeTabs": [
      {
        "value": "COMBAT"
      }
    ],
    "efficiency": 45.0,
    "attackSpeed": 4.0,
    "enchantability": 25,
    "damageVsEntity": 100.0,
    "usageCount": 100000,
    "glowCondition": {
      "fixedValue": false
    },
    "repairItems": [
      {
        "value": "CUSTOM:Omega_koperkum"
      }
    ],
    "immuneToFire": true,
    "blockDropsTier": "NETHERITE",
    "blocksAffected": [],
    "stayInGridWhenCrafting": false,
    "damageOnCrafting": false,
    "onRightClickedInAir": {
      "name": "OmegakoperkumSwordPoKlikn2ieciuPPM"
    },
    "onItemInUseTick": {
      "name": "OmegakoperkumSwordNaTickuNarzedziaWRece"
    }
  }
}