{
  "_fv": 79,
  "_type": "recipe",
  "definition": {
    "recipeType": "Crafting",
    "recipeRetstackSize": 1,
    "group": "",
    "unlockingItems": [
      {
        "value": "CUSTOM:Koperkumarmor.body"
      },
      {
        "value": "CUSTOM:Koperkumarmor.legs"
      }
    ],
    "cookingBookCategory": "MISC",
    "xpReward": 0.0,
    "cookingTime": 200,
    "craftingBookCategory": "MISC",
    "recipeShapeless": true,
    "recipeSlots": [
      {
        "value": "CUSTOM:CoperkumBlock"
      },
      {
        "value": "CUSTOM:CoperkumDust"
      },
      {
        "value": "Blocks.LAPIS_BLOCK"
      },
      {
        "value": "CUSTOM:Koperkumupgrage"
      },
      {
        "value": "CUSTOM:Koperkumupgrage"
      },
      {
        "value": "CUSTOM:Koperkumupgrage"
      },
      {
        "value": "Blocks.LAPIS_BLOCK"
      },
      {
        "value": "CUSTOM:CoperkumDust"
      },
      {
        "value": "CUSTOM:CoperkumBlock"
      }
    ],
    "recipeReturnStack": {
      "value": "CUSTOM:Omega_koperkum"
    },
    "name": "omegakoperkumrecipt",
    "namespace": "mod"
  }
}