{
  "_fv": 79,
  "_type": "armor",
  "definition": {
    "enableHelmet": true,
    "textureHelmet": "omega_koperkum_head",
    "enableBody": true,
    "textureBody": "omega_koperkum_body",
    "enableLeggings": true,
    "textureLeggings": "omega_koperkum_leggings",
    "enableBoots": true,
    "textureBoots": "omega_koperkum_boots",
    "onHelmetTick": {
      "name": "OmegakoperkumArmorNaTickuHelmu"
    },
    "onBodyTick": {
      "name": "OmegakoperkumArmorNaTickuHelmu"
    },
    "onLeggingsTick": {
      "name": "OmegakoperkumArmorNaTickuHelmu"
    },
    "onBootsTick": {
      "name": "OmegakoperkumArmorNaTickuHelmu"
    },
    "creativeTabs": [
      {
        "value": "COMBAT"
      }
    ],
    "armorTextureFile": "omega_koperkum",
    "helmetName": "Omega_koperkum Helmet",
    "bodyName": "Omega_koperkum Chestplate",
    "leggingsName": "Omega_koperkum Leggings",
    "bootsName": "Omega_koperkum Boots",
    "helmetSpecialInformation": {
      "fixedValue": []
    },
    "bodySpecialInformation": {
      "fixedValue": []
    },
    "leggingsSpecialInformation": {
      "fixedValue": []
    },
    "bootsSpecialInformation": {
      "fixedValue": []
    },
    "helmetModelName": "Default",
    "helmetModelPart": "Helmet",
    "helmetModelTexture": "From armor",
    "bodyModelName": "Default",
    "bodyModelPart": "Body",
    "armsModelPartL": "Arms L",
    "armsModelPartR": "Arms R",
    "bodyModelTexture": "From armor",
    "leggingsModelName": "Default",
    "leggingsModelPartL": "Leggings L",
    "leggingsModelPartR": "Leggings R",
    "leggingsModelTexture": "From armor",
    "bootsModelName": "Default",
    "bootsModelPartL": "Boots L",
    "bootsModelPartR": "Boots R",
    "bootsModelTexture": "From armor",
    "helmetItemRenderType": 0,
    "helmetItemCustomModelName": "Normal",
    "bodyItemRenderType": 0,
    "bodyItemCustomModelName": "Normal",
    "leggingsItemRenderType": 0,
    "leggingsItemCustomModelName": "Normal",
    "bootsItemRenderType": 0,
    "bootsItemCustomModelName": "Normal",
    "helmetImmuneToFire": true,
    "bodyImmuneToFire": true,
    "leggingsImmuneToFire": true,
    "bootsImmuneToFire": true,
    "helmetGlowCondition": {
      "fixedValue": false
    },
    "bodyGlowCondition": {
      "fixedValue": false
    },
    "leggingsGlowCondition": {
      "fixedValue": false
    },
    "bootsGlowCondition": {
      "fixedValue": false
    },
    "helmetPiglinNeutral": {
      "fixedValue": false
    },
    "bodyPiglinNeutral": {
      "fixedValue": false
    },
    "leggingsPiglinNeutral": {
      "fixedValue": false
    },
    "bootsPiglinNeutral": {
      "fixedValue": false
    },
    "maxDamage": 600,
    "damageValueHelmet": 100,
    "damageValueBody": 160,
    "damageValueLeggings": 120,
    "damageValueBoots": 110,
    "enchantability": 9,
    "toughness": 10.0,
    "knockbackResistance": 4.0,
    "equipSound": {
      "value": "item.armor.equip_netherite"
    },
    "repairItems": [
      {
        "value": "CUSTOM:Omega_koperkum"
      }
    ]
  }
}