{
  "_fv": 79,
  "_type": "procedure",
  "definition": {
    "procedurexml": "<xml xmlns=\"https://developers.google.com/blockly/xml\"><block type=\"event_trigger\" deletable=\"false\" x=\"40\" y=\"40\"><field name=\"trigger\">no_ext_trigger</field><next><block type=\"execute_command\"><value name=\"command\"><block type=\"text\"><field name=\"TEXT\">summon warden ~ ~ ~ {Glowing:1b,CustomNameVisible:1b,CustomName:'{\"bold\":true,\"color\":\"dark_blue\",\"italic\":true,\"text\":\"zjeb\",\"underlined\":true}'}</field></block></value><value name=\"x\"><block type=\"entity_pos_x\"><value name=\"entity\"><block type=\"entity_from_deps\"></block></value></block></value><value name=\"y\"><block type=\"entity_pos_y\"><value name=\"entity\"><block type=\"entity_from_deps\"></block></value></block></value><value name=\"z\"><block type=\"entity_pos_z\"><value name=\"entity\"><block type=\"entity_from_deps\"></block></value></block></value></block></next></block><block type=\"coord_x\" x=\"850\" y=\"337\"></block><block type=\"coord_y\" x=\"911\" y=\"361\"></block><block type=\"coord_z\" x=\"1028\" y=\"399\"></block></xml>",
    "skipDependencyNullCheck": false
  }
}