{
  "_fv": 79,
  "_type": "achievement",
  "definition": {
    "achievementName": "Springidead",
    "achievementDescription": "kill the springikoper",
    "achievementIcon": {
      "value": "CUSTOM:Koperkumarmorv2.body"
    },
    "background": "Default",
    "disableDisplay": false,
    "showPopup": true,
    "announceToChat": true,
    "hideIfNotCompleted": false,
    "rewardLoot": [],
    "rewardRecipes": [
      "Koperkumspringlocksuitchestplaterecipt",
      "KoperkumspringlocksuitLeggingsrecipt"
    ],
    "rewardXP": 10,
    "achievementType": "challenge",
    "parent": {
      "value": "adventure/adventuring_time"
    },
    "triggerxml": "<xml xmlns=\"https://developers.google.com/blockly/xml\"><block type=\"advancement_trigger\" deletable=\"false\" x=\"40\" y=\"80\"><next><block type=\"custom_trigger\"></block></next></block></xml>"
  }
}