{
  "_fv": 79,
  "_type": "procedure",
  "definition": {
    "procedurexml": "<xml xmlns=\"https://developers.google.com/blockly/xml\"><block type=\"event_trigger\" deletable=\"false\" x=\"40\" y=\"40\"><field name=\"trigger\">entity_dies</field><next><block type=\"controls_if\"><value name=\"IF0\"><block type=\"logic_binary_ops\" inline=\"false\"><field name=\"OP\">AND</field><value name=\"A\"><block type=\"logic_entity_compare\"><field name=\"entity\">CUSTOM:Springikoper</field><value name=\"compareTo\"><block type=\"entity_from_deps\"></block></value></block></value><value name=\"B\"><block type=\"logic_entity_compare\"><field name=\"entity\">EntityPlayerMP</field><value name=\"compareTo\"><block type=\"source_entity_from_deps\"></block></value></block></value></block></value><statement name=\"DO0\"><block type=\"entity_add_achievement\"><field name=\"achievement\">CUSTOM:Springidead</field><value name=\"entity\"><block type=\"source_entity_from_deps\"></block></value></block></statement></block></next></block></xml>",
    "skipDependencyNullCheck": false
  }
}