{
  "_fv": 79,
  "_type": "recipe",
  "definition": {
    "recipeType": "Crafting",
    "recipeRetstackSize": 1,
    "group": "",
    "unlockingItems": [
      {
        "value": "CUSTOM:Coperkumcrystal"
      }
    ],
    "cookingBookCategory": "MISC",
    "xpReward": 0.0,
    "cookingTime": 200,
    "craftingBookCategory": "MISC",
    "recipeShapeless": false,
    "recipeSlots": [
      {
        "value": "Blocks.OBSIDIAN"
      },
      {
        "value": "Blocks.RAW_GOLD_BLOCK"
      },
      {
        "value": "Items.NETHERITE_INGOT"
      },
      {
        "value": "Items.GOLD_INGOT"
      },
      {
        "value": "CUSTOM:Coperkumcrystal"
      },
      {
        "value": "Items.GOLD_INGOT"
      },
      {
        "value": "Items.NETHERITE_INGOT"
      },
      {
        "value": "Blocks.RAW_GOLD_BLOCK"
      },
      {
        "value": "Blocks.OBSIDIAN"
      }
    ],
    "recipeReturnStack": {
      "value": "CUSTOM:Koperkumupgrage"
    },
    "name": "uuppggrraaddee",
    "namespace": "mod"
  }
}