{
  "_fv": 79,
  "_type": "dimension",
  "definition": {
    "biomesInDimension": [
      {
        "value": "CUSTOM:Haoticbablands"
      },
      {
        "value": "CUSTOM:LasSkrzywionychSzeptow"
      },
      {
        "value": "CUSTOM:Bloodysea"
      },
      {
        "value": "CUSTOM:Gorywiecznejrozpaczy"
      }
    ],
    "worldGenType": "Normal world gen",
    "mainFillerBlock": {
      "value": "Blocks.BLACKSTONE"
    },
    "fluidBlock": {
      "value": "Blocks.WATER"
    },
    "seaLevel": 63,
    "generateOreVeins": true,
    "generateAquifers": true,
    "horizontalNoiseSize": 1,
    "verticalNoiseSize": 2,
    "defaultEffects": "overworld",
    "useCustomEffects": true,
    "hasClouds": true,
    "cloudHeight": 220.0,
    "skyType": "NORMAL",
    "sunHeightAffectsFog": true,
    "canRespawnHere": true,
    "hasFog": false,
    "ambientLight": 0.25,
    "doesWaterVaporize": false,
    "hasFixedTime": false,
    "fixedTimeValue": 0,
    "coordinateScale": 1.35,
    "infiniburnTag": "minecraft:infiniburn_overworld",
    "bedWorks": true,
    "hasSkyLight": false,
    "imitateOverworldBehaviour": true,
    "piglinSafe": false,
    "hasRaids": false,
    "minMonsterSpawnLightLimit": 0,
    "maxMonsterSpawnLightLimit": 7,
    "monsterSpawnBlockLightLimit": 0,
    "onPlayerEntersDimension": {
      "name": "WymiarhaosuGdyGraczWejdzieDoWymiaru"
    },
    "portalFrame": {
      "value": "Blocks.MAGMA"
    },
    "portalParticles": {
      "value": "PORTAL"
    },
    "portalLuminance": 15,
    "portalSound": {
      "value": "block.portal.ambient"
    },
    "enableIgniter": true,
    "igniterName": "holy gral of cthulhu",
    "igniterRarity": "EPIC",
    "specialInformation": {
      "fixedValue": [
        "operner to haotic world"
      ]
    },
    "creativeTabs": [
      {
        "value": "TOOLS"
      }
    ],
    "texture": "gralcxth8ulhu",
    "portalTexture": "haospoty",
    "enablePortal": true,
    "whenPortaTriggerlUsed": {
      "name": "WymiarhaosuGdyZostalUzytyWyzwalaczPortalu"
    }
  }
}