{
  "_fv": 79,
  "_type": "structure",
  "definition": {
    "structure": "xals",
    "projection": "rigid",
    "ignoredBlocks": [
      {
        "value": "Blocks.STRUCTURE_BLOCK"
      }
    ],
    "spacing": 26,
    "separation": 25,
    "restrictionBiomes": [
      {
        "value": "CUSTOM:Gorywiecznejrozpaczy"
      }
    ],
    "terrainAdaptation": "bury",
    "generationStep": "UNDERGROUND_STRUCTURES",
    "surfaceDetectionType": "WORLD_SURFACE_WG",
    "useStartHeight": true,
    "startHeightProviderType": "UNIFORM",
    "startHeightMin": 60,
    "startHeightMax": 180,
    "size": 1,
    "maxDistanceFromCenter": 64,
    "jigsawPools": []
  }
}