{
	"format_version": "1.9.0",
	"credit": "Made with Blockbench",
	"texture_size": [64, 64],
	"textures": {
		"0": "block/texture",
		"particle": "block/texture"
	},
	"elements": [
		{
			"from": [9.6, 3, 7.2],
			"to": [10.6, 4, 8.2],
			"rotation": {"angle": 0, "axis": "y", "origin": [6.6, 0, 8.2]},
			"faces": {
				"north": {"uv": [4.75, 6.25, 5, 6.5], "texture": "#0"},
				"east": {"uv": [5, 6.25, 5.25, 6.5], "texture": "#0"},
				"south": {"uv": [6.25, 5, 6.5, 5.25], "texture": "#0"},
				"west": {"uv": [5.25, 6.25, 5.5, 6.5], "texture": "#0"},
				"up": {"uv": [6.5, 5.5, 6.25, 5.25], "texture": "#0"},
				"down": {"uv": [5.75, 6.25, 5.5, 6.5], "texture": "#0"}
			}
		},
		{
			"from": [11.6, 3, 7.2],
			"to": [12.6, 4, 8.2],
			"rotation": {"angle": 0, "axis": "y", "origin": [6.6, 0, 8.2]},
			"faces": {
				"north": {"uv": [6.25, 5.5, 6.5, 5.75], "texture": "#0"},
				"east": {"uv": [5.75, 6.25, 6, 6.5], "texture": "#0"},
				"south": {"uv": [6.25, 5.75, 6.5, 6], "texture": "#0"},
				"west": {"uv": [6, 6.25, 6.25, 6.5], "texture": "#0"},
				"up": {"uv": [6.5, 6.25, 6.25, 6], "texture": "#0"},
				"down": {"uv": [6.5, 6.25, 6.25, 6.5], "texture": "#0"}
			}
		},
		{
			"from": [10.6, 4, 7.2],
			"to": [11.6, 5, 8.2],
			"rotation": {"angle": 0, "axis": "y", "origin": [6.6, 0, 8.2]},
			"faces": {
				"north": {"uv": [0, 6.5, 0.25, 6.75], "texture": "#0"},
				"east": {"uv": [0.25, 6.5, 0.5, 6.75], "texture": "#0"},
				"south": {"uv": [6.5, 0.25, 6.75, 0.5], "texture": "#0"},
				"west": {"uv": [0.5, 6.5, 0.75, 6.75], "texture": "#0"},
				"up": {"uv": [6.75, 0.75, 6.5, 0.5], "texture": "#0"},
				"down": {"uv": [1, 6.5, 0.75, 6.75], "texture": "#0"}
			}
		},
		{
			"from": [5.6, 5, 7.2],
			"to": [10.6, 6, 8.2],
			"rotation": {"angle": 0, "axis": "y", "origin": [6.6, 0, 8.2]},
			"faces": {
				"north": {"uv": [3.75, 6, 5, 6.25], "texture": "#0"},
				"east": {"uv": [6.5, 0.75, 6.75, 1], "texture": "#0"},
				"south": {"uv": [5, 6, 6.25, 6.25], "texture": "#0"},
				"west": {"uv": [1, 6.5, 1.25, 6.75], "texture": "#0"},
				"up": {"uv": [1.25, 6.5, 0, 6.25], "texture": "#0"},
				"down": {"uv": [7.5, 0, 6.25, 0.25], "texture": "#0"}
			}
		},
		{
			"from": [5.6, 3, 7.2],
			"to": [6.6, 4, 8.2],
			"rotation": {"angle": 0, "axis": "y", "origin": [6.6, 0, 8.2]},
			"faces": {
				"north": {"uv": [6.5, 1, 6.75, 1.25], "texture": "#0"},
				"east": {"uv": [6.5, 1.25, 6.75, 1.5], "texture": "#0"},
				"south": {"uv": [6.5, 1.5, 6.75, 1.75], "texture": "#0"},
				"west": {"uv": [1.75, 6.5, 2, 6.75], "texture": "#0"},
				"up": {"uv": [6.75, 2, 6.5, 1.75], "texture": "#0"},
				"down": {"uv": [2.25, 6.5, 2, 6.75], "texture": "#0"}
			}
		},
		{
			"from": [4.6, 4, 7.2],
			"to": [5.6, 5, 8.2],
			"rotation": {"angle": 0, "axis": "y", "origin": [6.6, 0, 8.2]},
			"faces": {
				"north": {"uv": [6.5, 2, 6.75, 2.25], "texture": "#0"},
				"east": {"uv": [2.25, 6.5, 2.5, 6.75], "texture": "#0"},
				"south": {"uv": [6.5, 2.25, 6.75, 2.5], "texture": "#0"},
				"west": {"uv": [2.5, 6.5, 2.75, 6.75], "texture": "#0"},
				"up": {"uv": [6.75, 2.75, 6.5, 2.5], "texture": "#0"},
				"down": {"uv": [3, 6.5, 2.75, 6.75], "texture": "#0"}
			}
		},
		{
			"from": [3.6, 3, 7.2],
			"to": [4.6, 4, 8.2],
			"rotation": {"angle": 0, "axis": "y", "origin": [6.6, 0, 8.2]},
			"faces": {
				"north": {"uv": [6.5, 3, 6.75, 3.25], "texture": "#0"},
				"east": {"uv": [6.5, 3.25, 6.75, 3.5], "texture": "#0"},
				"south": {"uv": [6.5, 3.5, 6.75, 3.75], "texture": "#0"},
				"west": {"uv": [6.5, 3.75, 6.75, 4], "texture": "#0"},
				"up": {"uv": [4.25, 6.75, 4, 6.5], "texture": "#0"},
				"down": {"uv": [6.75, 4, 6.5, 4.25], "texture": "#0"}
			}
		},
		{
			"from": [7.6, 31, 7.2],
			"to": [8.6, 32, 8.2],
			"rotation": {"angle": 0, "axis": "y", "origin": [7.9, 5.7, 7.8]},
			"faces": {
				"north": {"uv": [4.25, 6.5, 4.5, 6.75], "texture": "#0"},
				"east": {"uv": [6.5, 4.5, 6.75, 4.75], "texture": "#0"},
				"south": {"uv": [4.75, 6.5, 5, 6.75], "texture": "#0"},
				"west": {"uv": [6.5, 4.75, 6.75, 5], "texture": "#0"},
				"up": {"uv": [5.25, 6.75, 5, 6.5], "texture": "#0"},
				"down": {"uv": [6.75, 5, 6.5, 5.25], "texture": "#0"}
			}
		},
		{
			"from": [6.1, 6, 7.2],
			"to": [7.1, 30, 8.2],
			"rotation": {"angle": 0, "axis": "y", "origin": [7.9, 5.7, 7.8]},
			"faces": {
				"north": {"uv": [3, 0, 3.25, 6], "texture": "#0"},
				"east": {"uv": [3.25, 0, 3.5, 6], "texture": "#0"},
				"south": {"uv": [3.5, 0, 3.75, 6], "texture": "#0"},
				"west": {"uv": [3.75, 0, 4, 6], "texture": "#0"},
				"up": {"uv": [5.5, 6.75, 5.25, 6.5], "texture": "#0"},
				"down": {"uv": [6.75, 5.25, 6.5, 5.5], "texture": "#0"}
			}
		},
		{
			"from": [9.1, 6, 7.2],
			"to": [10.1, 30, 8.2],
			"rotation": {"angle": 0, "axis": "y", "origin": [7.9, 5.7, 7.8]},
			"faces": {
				"north": {"uv": [4, 0, 4.25, 6], "texture": "#0"},
				"east": {"uv": [4.25, 0, 4.5, 6], "texture": "#0"},
				"south": {"uv": [4.5, 0, 4.75, 6], "texture": "#0"},
				"west": {"uv": [4.75, 0, 5, 6], "texture": "#0"},
				"up": {"uv": [5.75, 6.75, 5.5, 6.5], "texture": "#0"},
				"down": {"uv": [6.75, 5.5, 6.5, 5.75], "texture": "#0"}
			}
		},
		{
			"from": [7.1, 6, 7.2],
			"to": [9.1, 31, 8.2],
			"rotation": {"angle": 0, "axis": "y", "origin": [7.9, 5.7, 7.8]},
			"faces": {
				"north": {"uv": [0, 0, 0.5, 6.25], "texture": "#0"},
				"east": {"uv": [2, 0, 2.25, 6.25], "texture": "#0"},
				"south": {"uv": [0.5, 0, 1, 6.25], "texture": "#0"},
				"west": {"uv": [2.25, 0, 2.5, 6.25], "texture": "#0"},
				"up": {"uv": [4.5, 6.5, 4, 6.25], "texture": "#0"},
				"down": {"uv": [6.75, 4.25, 6.25, 4.5], "texture": "#0"}
			}
		},
		{
			"from": [7.5, 6, 7],
			"to": [8.5, 31, 9],
			"rotation": {"angle": 0, "axis": "y", "origin": [7.9, 5.7, 7.8]},
			"faces": {
				"north": {"uv": [2.5, 0, 2.75, 6.25], "texture": "#0"},
				"east": {"uv": [1, 0, 1.5, 6.25], "texture": "#0"},
				"south": {"uv": [2.75, 0, 3, 6.25], "texture": "#0"},
				"west": {"uv": [1.5, 0, 2, 6.25], "texture": "#0"},
				"up": {"uv": [4.75, 6.75, 4.5, 6.25], "texture": "#0"},
				"down": {"uv": [6.5, 4.5, 6.25, 5], "texture": "#0"}
			}
		},
		{
			"from": [7.5, 4, 10.5],
			"to": [8.5, 5, 11.5],
			"rotation": {"angle": 0, "axis": "y", "origin": [7.5, 0, 6.5]},
			"faces": {
				"north": {"uv": [5.75, 6.5, 6, 6.75], "texture": "#0"},
				"east": {"uv": [6.5, 5.75, 6.75, 6], "texture": "#0"},
				"south": {"uv": [6, 6.5, 6.25, 6.75], "texture": "#0"},
				"west": {"uv": [6.5, 6, 6.75, 6.25], "texture": "#0"},
				"up": {"uv": [6.5, 6.75, 6.25, 6.5], "texture": "#0"},
				"down": {"uv": [6.75, 6.25, 6.5, 6.5], "texture": "#0"}
			}
		},
		{
			"from": [7.5, 4, 4.5],
			"to": [8.5, 5, 5.5],
			"rotation": {"angle": 0, "axis": "y", "origin": [7.5, 0, 6.5]},
			"faces": {
				"north": {"uv": [6.5, 6.5, 6.75, 6.75], "texture": "#0"},
				"east": {"uv": [0, 6.75, 0.25, 7], "texture": "#0"},
				"south": {"uv": [0.25, 6.75, 0.5, 7], "texture": "#0"},
				"west": {"uv": [6.75, 0.25, 7, 0.5], "texture": "#0"},
				"up": {"uv": [0.75, 7, 0.5, 6.75], "texture": "#0"},
				"down": {"uv": [7, 0.5, 6.75, 0.75], "texture": "#0"}
			}
		},
		{
			"from": [7.5, 3, 5.5],
			"to": [8.5, 4, 6.5],
			"rotation": {"angle": 0, "axis": "y", "origin": [7.5, 0, 6.5]},
			"faces": {
				"north": {"uv": [0.75, 6.75, 1, 7], "texture": "#0"},
				"east": {"uv": [6.75, 0.75, 7, 1], "texture": "#0"},
				"south": {"uv": [1, 6.75, 1.25, 7], "texture": "#0"},
				"west": {"uv": [6.75, 1, 7, 1.25], "texture": "#0"},
				"up": {"uv": [7, 1.5, 6.75, 1.25], "texture": "#0"},
				"down": {"uv": [7, 1.5, 6.75, 1.75], "texture": "#0"}
			}
		},
		{
			"from": [7.5, 3, 3.5],
			"to": [8.5, 4, 4.5],
			"rotation": {"angle": 0, "axis": "y", "origin": [7.5, 0, 6.5]},
			"faces": {
				"north": {"uv": [1.75, 6.75, 2, 7], "texture": "#0"},
				"east": {"uv": [6.75, 1.75, 7, 2], "texture": "#0"},
				"south": {"uv": [2, 6.75, 2.25, 7], "texture": "#0"},
				"west": {"uv": [6.75, 2, 7, 2.25], "texture": "#0"},
				"up": {"uv": [2.5, 7, 2.25, 6.75], "texture": "#0"},
				"down": {"uv": [7, 2.25, 6.75, 2.5], "texture": "#0"}
			}
		},
		{
			"from": [7.5, 3, 9.5],
			"to": [8.5, 4, 10.5],
			"rotation": {"angle": 0, "axis": "y", "origin": [7.5, 0, 6.5]},
			"faces": {
				"north": {"uv": [2.5, 6.75, 2.75, 7], "texture": "#0"},
				"east": {"uv": [6.75, 2.5, 7, 2.75], "texture": "#0"},
				"south": {"uv": [2.75, 6.75, 3, 7], "texture": "#0"},
				"west": {"uv": [6.75, 3, 7, 3.25], "texture": "#0"},
				"up": {"uv": [7, 3.5, 6.75, 3.25], "texture": "#0"},
				"down": {"uv": [7, 3.5, 6.75, 3.75], "texture": "#0"}
			}
		},
		{
			"from": [7.5, 3, 11.5],
			"to": [8.5, 4, 12.5],
			"rotation": {"angle": 0, "axis": "y", "origin": [7.5, 0, 6.5]},
			"faces": {
				"north": {"uv": [6.75, 3.75, 7, 4], "texture": "#0"},
				"east": {"uv": [4, 6.75, 4.25, 7], "texture": "#0"},
				"south": {"uv": [6.75, 4, 7, 4.25], "texture": "#0"},
				"west": {"uv": [4.25, 6.75, 4.5, 7], "texture": "#0"},
				"up": {"uv": [7, 4.5, 6.75, 4.25], "texture": "#0"},
				"down": {"uv": [4.75, 6.75, 4.5, 7], "texture": "#0"}
			}
		},
		{
			"from": [7.5, 6, 9],
			"to": [8.5, 30, 10],
			"rotation": {"angle": 0, "axis": "y", "origin": [7.9, 5.7, 7.8]},
			"faces": {
				"north": {"uv": [5, 0, 5.25, 6], "texture": "#0"},
				"east": {"uv": [5.25, 0, 5.5, 6], "texture": "#0"},
				"south": {"uv": [5.5, 0, 5.75, 6], "texture": "#0"},
				"west": {"uv": [5.75, 0, 6, 6], "texture": "#0"},
				"up": {"uv": [7, 4.75, 6.75, 4.5], "texture": "#0"},
				"down": {"uv": [5, 6.75, 4.75, 7], "texture": "#0"}
			}
		},
		{
			"from": [7.5, 6, 6],
			"to": [8.5, 30, 7],
			"rotation": {"angle": 0, "axis": "y", "origin": [7.9, 5.7, 7.8]},
			"faces": {
				"north": {"uv": [6, 0, 6.25, 6], "texture": "#0"},
				"east": {"uv": [3, 6, 3.25, 12], "texture": "#0"},
				"south": {"uv": [3.25, 6, 3.5, 12], "texture": "#0"},
				"west": {"uv": [3.5, 6, 3.75, 12], "texture": "#0"},
				"up": {"uv": [7, 5, 6.75, 4.75], "texture": "#0"},
				"down": {"uv": [5.25, 6.75, 5, 7], "texture": "#0"}
			}
		},
		{
			"from": [7.5, 0, 7.5],
			"to": [8.5, 5, 8.5],
			"rotation": {"angle": 0, "axis": "y", "origin": [7.5, 0, 6.5]},
			"faces": {
				"north": {"uv": [6.25, 0.25, 6.5, 1.5], "texture": "#0"},
				"east": {"uv": [1.25, 6.25, 1.5, 7.5], "texture": "#0"},
				"south": {"uv": [1.5, 6.25, 1.75, 7.5], "texture": "#0"},
				"west": {"uv": [6.25, 1.5, 6.5, 2.75], "texture": "#0"},
				"up": {"uv": [7, 5.25, 6.75, 5], "texture": "#0"},
				"down": {"uv": [5.5, 6.75, 5.25, 7], "texture": "#0"}
			}
		},
		{
			"from": [7.5, 5, 5.5],
			"to": [8.5, 6, 10.5],
			"rotation": {"angle": 0, "axis": "y", "origin": [7.5, 0, 6.5]},
			"faces": {
				"north": {"uv": [6.75, 5.25, 7, 5.5], "texture": "#0"},
				"east": {"uv": [1.75, 6.25, 3, 6.5], "texture": "#0"},
				"south": {"uv": [5.5, 6.75, 5.75, 7], "texture": "#0"},
				"west": {"uv": [6.25, 2.75, 7.5, 3], "texture": "#0"},
				"up": {"uv": [6.5, 4.25, 6.25, 3], "texture": "#0"},
				"down": {"uv": [4, 6.25, 3.75, 7.5], "texture": "#0"}
			}
		},
		{
			"from": [7.5, 31, 7.5],
			"to": [8.5, 32, 8.5],
			"rotation": {"angle": 0, "axis": "y", "origin": [7.9, 5.7, 7.8]},
			"faces": {
				"north": {"uv": [6.75, 5.5, 7, 5.75], "texture": "#0"},
				"east": {"uv": [5.75, 6.75, 6, 7], "texture": "#0"},
				"south": {"uv": [6.75, 5.75, 7, 6], "texture": "#0"},
				"west": {"uv": [6, 6.75, 6.25, 7], "texture": "#0"},
				"up": {"uv": [7, 6.25, 6.75, 6], "texture": "#0"},
				"down": {"uv": [6.5, 6.75, 6.25, 7], "texture": "#0"}
			}
		}
	],
	"display": {
		"thirdperson_righthand": {
			"translation": [0, 7, 0.75]
		},
		"thirdperson_lefthand": {
			"translation": [0, 6.75, 1]
		},
		"firstperson_righthand": {
			"rotation": [0, 0, 5.25]
		},
		"firstperson_lefthand": {
			"rotation": [0, 0, 5.25]
		},
		"gui": {
			"translation": [0, -4, 0],
			"scale": [0.61328, 0.49805, 1]
		},
		"head": {
			"translation": [0, -25.5, 0],
			"scale": [4, 4, 4]
		},
		"fixed": {
			"translation": [0, -5, 0],
			"scale": [0.69336, 0.61914, 1]
		}
	},
	"groups": [
		{
			"name": "group",
			"origin": [7.9, 5.7, 7.8],
			"color": 0,
			"children": [0, 1, 2, 3, 4, 5, 6, 7, 8, 9, 10, 11, 12, 13, 14, 15, 16, 17, 18, 19, 20, 21, 22]
		}
	]
}