{
  "type": "minecraft:crafting_shaped",
  "category": "misc",
  "pattern": [
    "aba",
    "cdc",
    "efe"
  ],
  "key": {
    "a": {
      "item": "minecraft:diamond_block"
    },
    "b": {
      "item": "koper_mod:coperkum_dust"
    },
    "c": {
      "item": "minecraft:blaze_powder"
    },
    "d": {
      "item": "koper_mod:coperkum_block"
    },
    "e": {
      "item": "minecraft:raw_iron_block"
    },
    "f": {
      "item": "minecraft:blaze_rod"
    }
  },
  "result": {
    "id": "koper_mod:longerlongsword",
    "count": 1
  }
}