{
  "type": "minecraft:crafting_shapeless",
  "category": "misc",
  "ingredients": [
    {
      "item": "minecraft:lava_bucket"
    },
    {
      "item": "koper_mod:coperkum_block"
    },
    {
      "item": "minecraft:lapis_block"
    },
    {
      "item": "minecraft:respawn_anchor"
    },
    {
      "item": "minecraft:magma_block"
    },
    {
      "item": "minecraft:respawn_anchor"
    },
    {
      "item": "minecraft:lapis_block"
    },
    {
      "item": "koper_mod:coperkum_block"
    },
    {
      "item": "minecraft:lava_bucket"
    }
  ],
  "result": {
    "id": "koper_mod:wymiarhaosu",
    "count": 1
  }
}