{
  "display": {
    "icon": {
      "id": "koper_mod:koperdino_spawn_egg"
    },
    "title": {
      "translate": "advancements.dinodead.title"
    },
    "description": {
      "translate": "advancements.dinodead.descr"
    },
    "frame": "challenge",
    "show_toast": true,
    "announce_to_chat": true,
    "hidden": true
  },
  "criteria": {
    "dinodead_0": {
      "trigger": "minecraft:impossible"
    }
  },
  "rewards": {
    "experience": 1223,
    "recipes": [
      "koper_mod:cosrecepturamieczaxd"
    ]
  },
  "parent": "koper_mod:springidead"
}