{
  "display": {
    "icon": {
      "id": "koper_mod:eternal_helmet"
    },
    "title": {
      "translate": "advancements.neweternalking.title"
    },
    "description": {
      "translate": "advancements.neweternalking.descr"
    },
    "frame": "challenge",
    "show_toast": true,
    "announce_to_chat": true,
    "hidden": true
  },
  "criteria": {
    "neweternalking_0": {
      "trigger": "minecraft:impossible"
    }
  },
  "rewards": {
    "experience": 2500,
    "recipes": [
      "koper_mod:cosrecepturamieczaxd"
    ]
  },
  "parent": "koper_mod:neweternalking"
}