{
  "display": {
    "icon": {
      "id": "koper_mod:koperkumarmorv_2_chestplate"
    },
    "title": {
      "translate": "advancements.springidead.title"
    },
    "description": {
      "translate": "advancements.springidead.descr"
    },
    "frame": "challenge",
    "show_toast": true,
    "announce_to_chat": true,
    "hidden": false
  },
  "criteria": {
    "springidead_0": {
      "trigger": "minecraft:impossible"
    }
  },
  "rewards": {
    "experience": 10,
    "recipes": [
      "koper_mod:koperkumspringlocksuitchestplaterecipt",
      "koper_mod:koperkumspringlocksuit_leggingsrecipt"
    ]
  },
  "parent": "minecraft:adventure/adventuring_time"
}