{
  "format_version": "1.9.0",
  "credit": "Made with Blockbench",
  "texture_size": [
    32,
    32
  ],
  "elements": [
    {
      "from": [
        5,
        2.3,
        7
      ],
      "to": [
        12,
        12.7,
        9
      ],
      "rotation": {
        "angle": 0,
        "axis": "y",
        "origin": [
          7,
          2,
          7
        ]
      },
      "faces": {
        "north": {
          "uv": [
            0,
            0,
            3.5,
            5.25
          ],
          "texture": "#0"
        },
        "east": {
          "uv": [
            6,
            5.5,
            7,
            10.75
          ],
          "texture": "#0"
        },
        "south": {
          "uv": [
            3.5,
            0,
            7,
            5.25
          ],
          "texture": "#0"
        },
        "west": {
          "uv": [
            7,
            0,
            8,
            5.25
          ],
          "texture": "#0"
        },
        "up": {
          "uv": [
            10.5,
            6.5,
            7,
            5.5
          ],
          "texture": "#0"
        },
        "down": {
          "uv": [
            10.5,
            6.5,
            7,
            7.5
          ],
          "texture": "#0"
        }
      }
    },
    {
      "from": [
        8,
        6.3,
        9.5
      ],
      "to": [
        9,
        9.7,
        10.2
      ],
      "rotation": {
        "angle": 0,
        "axis": "y",
        "origin": [
          7,
          2,
          6.5
        ]
      },
      "faces": {
        "north": {
          "uv": [
            10.5,
            4.5,
            11,
            6.25
          ],
          "texture": "#0"
        },
        "east": {
          "uv": [
            10.5,
            10.5,
            10.75,
            12.25
          ],
          "texture": "#0"
        },
        "south": {
          "uv": [
            10,
            10.5,
            10.5,
            12.25
          ],
          "texture": "#0"
        },
        "west": {
          "uv": [
            11,
            0,
            11.25,
            1.75
          ],
          "texture": "#0"
        },
        "up": {
          "uv": [
            11.5,
            5.75,
            11,
            5.5
          ],
          "texture": "#0"
        },
        "down": {
          "uv": [
            6.5,
            11,
            6,
            11.25
          ],
          "texture": "#0"
        }
      }
    },
    {
      "from": [
        8,
        8.6,
        9
      ],
      "to": [
        9,
        9.7,
        9.5
      ],
      "rotation": {
        "angle": 0,
        "axis": "y",
        "origin": [
          7,
          2,
          7
        ]
      },
      "faces": {
        "north": {
          "uv": [
            4.5,
            11,
            5,
            11.5
          ],
          "texture": "#0"
        },
        "east": {
          "uv": [
            11,
            6,
            11.25,
            6.5
          ],
          "texture": "#0"
        },
        "south": {
          "uv": [
            11,
            4.5,
            11.5,
            5
          ],
          "texture": "#0"
        },
        "west": {
          "uv": [
            6.5,
            11,
            6.75,
            11.5
          ],
          "texture": "#0"
        },
        "up": {
          "uv": [
            11.5,
            10.75,
            11,
            10.5
          ],
          "texture": "#0"
        },
        "down": {
          "uv": [
            11.5,
            11,
            11,
            11.25
          ],
          "texture": "#0"
        }
      }
    },
    {
      "from": [
        8,
        6.3,
        9
      ],
      "to": [
        9,
        7.4,
        9.5
      ],
      "rotation": {
        "angle": 0,
        "axis": "y",
        "origin": [
          7,
          2,
          7
        ]
      },
      "faces": {
        "north": {
          "uv": [
            5,
            11,
            5.5,
            11.5
          ],
          "texture": "#0"
        },
        "east": {
          "uv": [
            11.5,
            0,
            11.75,
            0.5
          ],
          "texture": "#0"
        },
        "south": {
          "uv": [
            11,
            5,
            11.5,
            5.5
          ],
          "texture": "#0"
        },
        "west": {
          "uv": [
            0.5,
            11.5,
            0.75,
            12
          ],
          "texture": "#0"
        },
        "up": {
          "uv": [
            12,
            0.75,
            11.5,
            0.5
          ],
          "texture": "#0"
        },
        "down": {
          "uv": [
            1.5,
            11.5,
            1,
            11.75
          ],
          "texture": "#0"
        }
      }
    },
    {
      "from": [
        5.6,
        2.9,
        6.8
      ],
      "to": [
        11.4,
        12.1,
        7
      ],
      "rotation": {
        "angle": 0,
        "axis": "y",
        "origin": [
          7,
          2,
          7
        ]
      },
      "faces": {
        "north": {
          "uv": [
            0,
            5.5,
            3,
            10
          ],
          "texture": "#0"
        },
        "east": {
          "uv": [
            5.5,
            10,
            5.75,
            14.5
          ],
          "texture": "#0"
        },
        "south": {
          "uv": [
            3,
            5.5,
            6,
            10
          ],
          "texture": "#0"
        },
        "west": {
          "uv": [
            10.5,
            0,
            10.75,
            4.5
          ],
          "texture": "#0"
        },
        "up": {
          "uv": [
            13.5,
            6.75,
            10.5,
            6.5
          ],
          "texture": "#0"
        },
        "down": {
          "uv": [
            13.5,
            7,
            10.5,
            7.25
          ],
          "texture": "#0"
        }
      }
    },
    {
      "from": [
        6,
        1.3,
        7.2
      ],
      "to": [
        11,
        2.3,
        8.8
      ],
      "rotation": {
        "angle": 0,
        "axis": "y",
        "origin": [
          7,
          2,
          7
        ]
      },
      "faces": {
        "north": {
          "uv": [
            10,
            8.5,
            12.5,
            9
          ],
          "texture": "#0"
        },
        "east": {
          "uv": [
            0.5,
            11,
            1.25,
            11.5
          ],
          "texture": "#0"
        },
        "south": {
          "uv": [
            10,
            9,
            12.5,
            9.5
          ],
          "texture": "#0"
        },
        "west": {
          "uv": [
            1.5,
            11,
            2.25,
            11.5
          ],
          "texture": "#0"
        },
        "up": {
          "uv": [
            10.5,
            5.25,
            8,
            4.5
          ],
          "texture": "#0"
        },
        "down": {
          "uv": [
            3,
            10,
            0.5,
            10.75
          ],
          "texture": "#0"
        }
      }
    },
    {
      "from": [
        6,
        12.7,
        7.2
      ],
      "to": [
        11,
        13.7,
        8.8
      ],
      "rotation": {
        "angle": 0,
        "axis": "y",
        "origin": [
          7,
          2,
          7
        ]
      },
      "faces": {
        "north": {
          "uv": [
            10,
            9.5,
            12.5,
            10
          ],
          "texture": "#0"
        },
        "east": {
          "uv": [
            11,
            2,
            11.75,
            2.5
          ],
          "texture": "#0"
        },
        "south": {
          "uv": [
            10,
            10,
            12.5,
            10.5
          ],
          "texture": "#0"
        },
        "west": {
          "uv": [
            2.5,
            11,
            3.25,
            11.5
          ],
          "texture": "#0"
        },
        "up": {
          "uv": [
            5.5,
            10.75,
            3,
            10
          ],
          "texture": "#0"
        },
        "down": {
          "uv": [
            12.5,
            7.5,
            10,
            8.25
          ],
          "texture": "#0"
        }
      }
    },
    {
      "from": [
        12,
        3,
        7.2
      ],
      "to": [
        13,
        12,
        8.8
      ],
      "rotation": {
        "angle": 0,
        "axis": "y",
        "origin": [
          7,
          2,
          7
        ]
      },
      "faces": {
        "north": {
          "uv": [
            9,
            7.5,
            9.5,
            12
          ],
          "texture": "#0"
        },
        "east": {
          "uv": [
            7,
            7.5,
            7.75,
            12
          ],
          "texture": "#0"
        },
        "south": {
          "uv": [
            9.5,
            7.5,
            10,
            12
          ],
          "texture": "#0"
        },
        "west": {
          "uv": [
            8,
            0,
            8.75,
            4.5
          ],
          "texture": "#0"
        },
        "up": {
          "uv": [
            11.5,
            3.25,
            11,
            2.5
          ],
          "texture": "#0"
        },
        "down": {
          "uv": [
            4,
            11,
            3.5,
            11.75
          ],
          "texture": "#0"
        }
      }
    },
    {
      "from": [
        4,
        3,
        7.2
      ],
      "to": [
        5,
        12,
        8.8
      ],
      "rotation": {
        "angle": 0,
        "axis": "y",
        "origin": [
          7,
          2,
          7
        ]
      },
      "faces": {
        "north": {
          "uv": [
            0,
            10,
            0.5,
            14.5
          ],
          "texture": "#0"
        },
        "east": {
          "uv": [
            8,
            7.5,
            8.75,
            12
          ],
          "texture": "#0"
        },
        "south": {
          "uv": [
            10,
            0,
            10.5,
            4.5
          ],
          "texture": "#0"
        },
        "west": {
          "uv": [
            9,
            0,
            9.75,
            4.5
          ],
          "texture": "#0"
        },
        "up": {
          "uv": [
            11.5,
            4.25,
            11,
            3.5
          ],
          "texture": "#0"
        },
        "down": {
          "uv": [
            4.5,
            11,
            4,
            11.75
          ],
          "texture": "#0"
        }
      }
    }
  ],
  "display": {
    "thirdperson_righthand": {
      "rotation": [
        70,
        0,
        0
      ],
      "translation": [
        0,
        0,
        1.5
      ],
      "scale": [
        1.56055,
        1.55078,
        1
      ]
    },
    "thirdperson_lefthand": {
      "rotation": [
        70.75,
        0,
        0
      ],
      "translation": [
        0,
        1,
        1
      ],
      "scale": [
        1.56641,
        1.55078,
        1
      ]
    },
    "firstperson_righthand": {
      "scale": [
        1.56445,
        1.5957,
        1
      ]
    },
    "firstperson_lefthand": {
      "scale": [
        1.56641,
        1.59375,
        1
      ]
    },
    "ground": {
      "scale": [
        1.56641,
        1.51563,
        1
      ]
    },
    "gui": {
      "rotation": [
        -180,
        0,
        -180
      ],
      "translation": [
        0.5,
        0.25,
        0
      ],
      "scale": [
        1.27539,
        1.20117,
        1
      ]
    },
    "head": {
      "translation": [
        -2,
        0,
        0
      ],
      "scale": [
        4,
        4,
        4
      ]
    },
    "fixed": {
      "scale": [
        1.42383,
        1.33398,
        1
      ]
    }
  },
  "groups": [
    {
      "name": "group",
      "origin": [
        7,
        2,
        7
      ],
      "color": 0,
      "children": [
        0,
        1,
        2,
        3,
        4,
        5,
        6,
        7,
        8
      ]
    }
  ]
}